map_id,unique_status,file,case_no,skk_no,ecli,date,court,instance_type,outcome_raw,primary_info_type_id,primary_info_type,secondary_info_types,primary_disclosure_channel,other_channels,evidence_bundle,institutions,information_sources,defense_arguments_detected,court_response_model,successful_argument_flags,rejected_argument_flags,ontology_node_ids,confidence,notes_for_lawyer,supporting_snippets,text_chars,hash
KL329-MAP-001,unique,Anonimizets_nolemums_100515784.pdf,58500000624,SKK – 256/2020,ECLI:LV:ZRT:2025:0313.58500000624.1.S,2025. gada 13. martā,"Zemgales rajona tiesa,",Senāts / kasācijas instance,notiesājošs / vainīgs; kriminālprocess izbeigts minēts,IT_TAXPAYER,Nodokļu maksātāju ziņas,Krimināllietas materiāli/fototabulas; Transportlīdzekļa īpašnieka/apskates dati; Kriminālprocesa ziņas; Fiziskas personas dati,Telefonsaruna/zvans,SMS/īsziņas; Messenger/Facebook; Foto/failu nodošana,SMS/čati; Liecinieku liecības; Amata dokumenti/brīdinājumi; IS auditācijas dati; Telefonsarunas un zvanu izdrukas; Informācijas režīma dokumenti; Video/foto fiksācija; IS funkcionalitātes/speciālista skaidrojums,VID/Valsts ieņēmumu dienests; Tiesas/Tiesu administrācija/TIS; Prokuratūra/prokurori; Pašvaldības/valsts pārvaldes citas iestādes; Valsts policija,Telefons/SMS; VID sistēmas/NIS/EDS; Publiskie avoti/Lursoft/internets; Messenger/Facebook; E-pasts; WhatsApp,"Informācija bija publiska/adresātam zināma; Rīcība amata pienākumu/uzdevuma ietvaros; Uzkūdīšanas pazīmju apstrīdēšana; Operatīvo pierādījumu pieļaujamība/samērīgums; Digitālo pierādījumu ķēde/ierīču pārbaude; Nebija izpaušanas, tikai apskate/piekļuve; Nav tieša nodoma/kļūda","Noraidīti argumenti: Informācija bija publiska/adresātam zināma; Uzkūdīšanas pazīmju apstrīdēšana; Nebija izpaušanas, tikai apskate/piekļuve; Nav tieša nodoma/kļūda",,DA_PUBLIC_INFO; DA_NO_DISCLOSURE; DA_NO_INTENT; DA_INSTIGATION,IT_TAXPAYER; CH_PHONE; CH_SMS; CH_MESSENGER; CH_PHOTO_FILE; EV_SMS_CHAT; EV_WITNESSES; EV_DUTY_DOCS; EV_SYSTEM_LOGS; EV_PHONE_CALLS; EV_LEGAL_REGIME; EV_VIDEO; EV_SYSTEM_FUNCTION; INST_VID; INST_COURT; INST_PROSECUTION; INST_MUNICIPAL; INST_POLICE; SRC_PHONE; SRC_VID_NIS; SRC_PUBLIC; SRC_MESSENGER; SRC_EMAIL; SRC_WHATSAPP; DA_PUBLIC_INFO; DA_LAWFUL_DUTY; DA_INSTIGATION; DA_OPERATIVE_ADMISSIBILITY; DA_DEVICE_CHAIN; DA_NO_DISCLOSURE; DA_NO_INTENT,augsta,"Pārbaudīt operatīvo pierādījumu pieļaujamību, samērīgumu un nodošanas ķēdi. Publiskuma arguments jābalsta uz precīzu ziņu kombināciju un izpaušanas brīdi; Senāts to bieži noraida. Īpaši pārbaudīt amata pienākumu, administratīvā procesa vai darba uzdevuma tiesisko pamatu.","tiek saņemta no citām institūcijām. Tajā skaitā tie ir dokumenti, ko personas ir iesniegušas par sevi kādā informācijas sistēmā. /Iestāde A/ /Sistēma A/ ģenerē informāciju gan par nodokļu maksātājiem, gan par jebkuru fizisku personu, kas arī ir nodokļu maksātājs. Pats ar tām lietām nenodarbojas, to veic Nodokļu pārvalde. Konkrētāk, nodarbojas tieši ar tehnisko pusi, konkrēti šo sistēmu uzturēšanu. /Iestāde A/ /Sistēma A/ nav publiski pieejama. Tā ir pieejama tikai /Iestāde A/ nodarbinātajiem. Dati par nodokļu maksātāju atrodas /Sistēma A/ gan par fizisku || bas. [7.23] Ar apliecinājumu, kuru /Persona B/ ir parakstījusi 2008. gada 5. februārī (lietas 22. lapa),kurā norādīts, ka /Persona B/ apliecina, ka apņemas ievērot: 1) likuma “Par Valsts ieņēmumu dienestu” 21. panta 1. daļu: “… /Iestāde A/ ierēdnim un darbiniekam aizliegts, izņemot likumā “Par nodokļiem un nodevām” paredzētos gadījumus, izpaust par nodokļu maksātāju jebkādu informāciju, kas ierēdnim vai darbiniekam kļuvusi zināma, pildot dienesta pienākumus. Par informācijas izpaušanu vainīgo ierēdni vai darbinieku sauc pie likumā noteiktās atbildības…”. || am, piezvanīja no viņas lietošanā esošā tālruņa numura /Tālrunis Y/ uz /Persona A/ lietošanā esošo tālruņa numuru /Tālrunis AA/, un, apzinoties savu darbību prettiesisko raksturu, telefoniski izpauda neizpaužamas ziņas. Un konkrēti – /Iestāde A / Sistēma A/ iekļautās ziņas trīs fiziskām personām, kuru vārds un uzvārds ir “/Persona C/”, t.i., izpauda ziņas, ka /Persona C/ ir dzimis /Datums CD/, viņa dzīvesvieta ir Jelgava un, ka viņš ir vienīgais ar dzīvesvietu Jelgavā, bet ziņas par konkrētu dzīvesvietas adresi un tālruņa numuru /Iestāde A / Sistēma A/ n",98066,51cc432f98e631fbc05923f2f80861f5b2d98d4716d54700ea12824e9ac59e24
KL329-MAP-002,unique,Anonimizets_nolemums_101962192.pdf,16870003222,,ECLI:LV:RAT:2025:0604.16870003222.2.S,2025. gada 4. jūnijā,Tiesas sēdes priekšsēdētāja tiesnese Karīna Kazārova,Apelācijas instance/apgabaltiesa,notiesājošs / vainīgs; attaisnošana minēta; atcelts/nodots jaunai izskatīšanai; atstāts negrozīts,IT_CASE_MATERIALS,Krimināllietas materiāli/fototabulas,Ziņas par personas sodāmību; Kriminālprocesa ziņas; Operatīvās darbības ziņas; Transportlīdzekļa īpašnieka/apskates dati,Telefonsaruna/zvans,Foto/failu nodošana; E-pasts; WhatsApp,Liecinieku liecības; E-pasta pierādījumi; SMS/čati; Amata dokumenti/brīdinājumi; Telefonsarunas un zvanu izdrukas; Operatīvās darbības pierādījumi; Informācijas režīma dokumenti; IS funkcionalitātes/speciālista skaidrojums,Tiesas/Tiesu administrācija/TIS; Pašvaldības/valsts pārvaldes citas iestādes; Valsts policija; KNAB; Prokuratūra/prokurori; Iekšlietu ministrijas Informācijas centrs/Sodu reģistrs; VID/Valsts ieņēmumu dienests,Telefons/SMS; WhatsApp; E-pasts; Sodu reģistrs/IMIC,Operatīvo pierādījumu pieļaujamība/samērīgums; Uzkūdīšanas pazīmju apstrīdēšana; Rīcība amata pienākumu/uzdevuma ietvaros; Nav tieša nodoma/kļūda,Rezultīvi argumenti: Pēc operatīvo pierādījumu izslēgšanas vai apšaubīšanas aizstāvības pozīcija kļuva izšķiroša | Noraidīti argumenti: Uzkūdīšanas pazīmju apstrīdēšana; Nav tieša nodoma/kļūda,DA_OPERATIVE_ADMISSIBILITY; DA_LAWFUL_DUTY,DA_NO_INTENT; DA_INSTIGATION,IT_CASE_MATERIALS; CH_PHONE; CH_PHOTO_FILE; CH_EMAIL; CH_WHATSAPP; EV_WITNESSES; EV_EMAIL; EV_SMS_CHAT; EV_DUTY_DOCS; EV_PHONE_CALLS; EV_OPERATIVE; EV_LEGAL_REGIME; EV_SYSTEM_FUNCTION; INST_COURT; INST_MUNICIPAL; INST_POLICE; INST_KNAB; INST_PROSECUTION; INST_IC; INST_VID; SRC_PHONE; SRC_WHATSAPP; SRC_EMAIL; SRC_SODU; DA_OPERATIVE_ADMISSIBILITY; DA_INSTIGATION; DA_LAWFUL_DUTY; DA_NO_INTENT,augsta,"Pārbaudīt operatīvo pierādījumu pieļaujamību, samērīgumu un nodošanas ķēdi.","sūdzētais sniedzis, īstenojot izraudzīto aizstāvības taktiku, nolūkā izvairīties no likumā paredzētās atbildības par noziedzīgo nodarījumu. Apsūdzētā liecības ir pretrunā pārējiem krimināllietas materiālos apkopotajiem pierādījumiem. Apsūdzētā izvirzīto versiju par to, kāda bijusi viņa rīcība un kādas tiesiskās sekas tā rada, tiesas kolēģija novērtējusi un atzīst, ka pierādījumu pārbaudes rezultātā tā nav guvusi apstiprinājumu. Neraugoties uz savu vainas neatzīšanu, tiesas kolēģija uzskata, ka /Persona B/ vaina noziedzīga nodarījuma izdarīšanā pēc Krimin ||  savas rīcības prettiesiskumu, to aizpildīja un parakstīja ar atpakaļejošu datumu, tas ir, 2022. gada 2. decembri, un nosūtīja /Persona B/ privāti saziņas aplikācijā “WhatsApp” kā fotoattēlu, kuru /Persona B/ saglabāja /Pilsēta A/ novada pašvaldības policijas tīkla diskā /Nosaukums / tā tālākai nosūtīšanai Korupcijas novēršanas un apkarošanas birojam. [2] Noziedzīgu nodarījumu valsts institūciju dienestā izmeklēšanas prokuratūras prokurore Ilona Kurca iesniegusi apelācijas protestu, kurā lūdz atcelt pirmās instances tiesas spriedumu daļā par /Persona B/  || is, ka, gatavojot informāciju KNAB, konstatēts, ka /Persona A/ personīgajā lietā neatrodas saistību raksts. Saskaņā ar priekšnieka /Persona F/ mutisku rīkojumu 2022. gada decembrī telefoniski sazinājies ar /Persona A/, lai noskaidrotu, kad /Persona A/ var ierasties darba vietā, lai parakstītu saistību rakstu. /Persona A/ atteicies ierasties klātienē, tāpēc teicis, ka elektroniski tiks nosūtīta tukša veidlapa, kura jāaizpilda un jānosūta atpakaļ. Neatceroties, vai /Persona A/ veidlapu nosūtījis, vai /Persona A/ to saņēmis kā citādi. Liecināja, ka piekļūt ",44843,03043b32dee6af564f1d8a116cc91cb10763bd47faae46b29bdf71f425dbe761
KL329-MAP-003,unique,Anonimizets_nolemums_336567.pdf,11905007317,,ECLI:LV:JERT:2017:1115.11905007317.1.S,2017.gada 15.novembrī,"atklātā tiesas sēdē iztiesāja krimināllietu, kurā",Pirmā instance,,IT_PERSONAL_DATA,Fiziskas personas dati,Kriminālprocesa ziņas,,,Amata dokumenti/brīdinājumi,Tiesas/Tiesu administrācija/TIS; Valsts policija; Prokuratūra/prokurori; PMLP/Iedzīvotāju reģistrs,PMLP Personu datu pārlūks/Iedzīvotāju reģistrs,Uzkūdīšanas pazīmju apstrīdēšana; Rīcība amata pienākumu/uzdevuma ietvaros,Jāvērtē manuāli pēc pilna nolēmuma; automātiski nav skaidri identificēta tiesas reakcija uz aizstāvības argumentiem.,,,IT_PERSONAL_DATA; EV_DUTY_DOCS; INST_COURT; INST_POLICE; INST_PROSECUTION; INST_PMLP; SRC_PMLP; DA_INSTIGATION; DA_LAWFUL_DUTY,zema,Izpaušanas kanāls nav automātiski skaidri identificēts — nepieciešama manuāla pārbaude. Zema automātiskās klasifikācijas pārliecība; lieta jāpārskata manuāli.,"av saistīti ar valsts amatpersonas pienākumu veikšanu tādu informāciju, kas valsts amatpersonai ir pieejama saskaņā ar valsts amatpersonas amata pienākumu pildīšanu, kā arī būdams brīdināts par atbildību par neizpaužamu ziņu, kas nav valsts noslēpums, neizpaušanu, sakarā ar ko 2010.gada 14.aprīlī parakstīja apliecinājumu, izdotu saskaņā ar Latvijas Republikas Ministru kabineta 2005.gada 26.aprīļa noteikumiem Nr.280 “Kārtība, kādā aizsargājama informācija dienesta vajadzībām”, ar kuru apņēmās neizpaust informāciju dienesta vajadzībām, kas viņam tiks uztic",4542,07bbf10fa43255534efab6c5144f1d70caf6b48d94c001f5cb8b48d8ff90c914
KL329-MAP-004,unique,Anonimizets_nolemums_373905.pdf,"12812001716, SKK–8/2019",SKK–8/2019,ECLI:LV:AT:2019:0124.12812001716.3.L,2019.gada 24.janvārī,Latvijas Republikas Senāts,Senāts / kasācijas instance,attaisnošana minēta; atcelts/nodots jaunai izskatīšanai,IT_CONVICTIONS,Ziņas par personas sodāmību,Operatīvās darbības ziņas; Kriminālprocesa ziņas; Fiziskas personas dati; Ziņas par privāto dzīvi/laulību,SMS/īsziņas,Telefonsaruna/zvans,Operatīvās darbības pierādījumi; Informācijas režīma dokumenti; IS auditācijas dati; SMS/čati; Amata dokumenti/brīdinājumi,Tiesas/Tiesu administrācija/TIS; Prokuratūra/prokurori; Iekšlietu ministrijas Informācijas centrs/Sodu reģistrs; VID/Valsts ieņēmumu dienests; KNAB,Publiskie avoti/Lursoft/internets; Sodu reģistrs/IMIC; Telefons/SMS,Operatīvo pierādījumu pieļaujamība/samērīgums; Informācija bija publiska/adresātam zināma; Apelācijas/pirmās instances motivācijas trūkumi; Ziņas nav neizpaužamas/ierobežotas,Rezultīvi argumenti: Pēc operatīvo pierādījumu izslēgšanas vai apšaubīšanas aizstāvības pozīcija kļuva izšķiroša | Noraidīti argumenti: Informācija bija publiska/adresātam zināma; Ziņas nav neizpaužamas/ierobežotas,DA_OPERATIVE_ADMISSIBILITY; DA_MOTIVATION,DA_PUBLIC_INFO; DA_NOT_PROTECTED,IT_CONVICTIONS; CH_SMS; CH_PHONE; EV_OPERATIVE; EV_LEGAL_REGIME; EV_SYSTEM_LOGS; EV_SMS_CHAT; EV_DUTY_DOCS; INST_COURT; INST_PROSECUTION; INST_IC; INST_VID; INST_KNAB; SRC_PUBLIC; SRC_SODU; SRC_PHONE; DA_OPERATIVE_ADMISSIBILITY; DA_PUBLIC_INFO; DA_MOTIVATION; DA_NOT_PROTECTED,augsta,"Pārbaudīt operatīvo pierādījumu pieļaujamību, samērīgumu un nodošanas ķēdi."," Informācijas atklātības likuma 5.panta sesto daļu, likuma „Par tiesu varu” 28.6 panta septīto daļu un Sodu reģistra likuma 3.pantu un izteikusi apgalvojumu, ka ziņas par personas sodāmību ir ierobežotas pieejamības informācija, ka tās nav bijušas publicētas un pieejamas sabiedrībai. Savukārt Rīgas apgabaltiesa lēmumā norādījusi, ka pirmās instances tiesa pamatoti atzinusi, ka ziņas par personas sodāmību ir ierobežotas pieejamības informācija, un šāds statuss informācijai noteikts ar likumu. Līdz ar to ziņas par personas [..] sodāmību ir ierobežotas piee || ierobežojumiem vai kas ir jau publicētas. Pirmās instances tiesa izklāstījusi Informācijas atklātības likuma 5.panta sesto daļu, likuma „Par tiesu varu” 28.6 panta septīto daļu un Sodu reģistra likuma 3.pantu un izteikusi apgalvojumu, ka ziņas par personas sodāmību ir ierobežotas pieejamības informācija, ka tās nav bijušas publicētas un pieejamas sabiedrībai. Savukārt Rīgas apgabaltiesa lēmumā norādījusi, ka pirmās instances tiesa pamatoti atzinusi, ka ziņas par personas sodāmību ir ierobežotas pieejamības informācija, un šāds statuss informācijai noteik || ļas pārkāpums, kas atzīstams par būtisku pārkāpumu šā likuma 575.panta trešās daļas izpratnē. [5.1] Pirmās instances tiesa nav atspēkojusi viņas argumentu, ka žurnālistam nosūtīto īsziņu saturs atbilst informācijai, kas saskaņā ar likumu ir publicējama. Likuma „Par tiesu varu” 28.7 pantā noteikts, ka ar tiesu darbu saistīto informāciju, kas publicējama mājaslapā internetā, kā arī kārtību, kādā publicējama šāda informācija, nosaka Ministru Kabinets. Savukārt Ministru Kabineta 2009.gada 10.februāra noteikumi Nr. 123 „Noteikumi par tiesu informācijas public",27931,8071b6eb05c7b2d1631ec5e782689a4984455fdc45ba7bd6e39236bf6e4569bd
KL329-MAP-005,unique,Anonimizets_nolemums_376887.pdf,11860000117,,,2018.gada 28.augustā,,Neidentificēta instance,notiesājošs / vainīgs; atcelts/nodots jaunai izskatīšanai,IT_VEHICLE_OWNER,Transportlīdzekļa īpašnieka/apskates dati,Krimināllietas materiāli/fototabulas; Fiziskas personas dati; Operatīvās darbības ziņas; Kriminālprocesa ziņas,Telefonsaruna/zvans,,Liecinieku liecības; Operatīvās darbības pierādījumi; Amata dokumenti/brīdinājumi; Telefonsarunas un zvanu izdrukas; Informācijas režīma dokumenti; IS auditācijas dati,Valsts policija; Tiesas/Tiesu administrācija/TIS; CSDD; Prokuratūra/prokurori,Telefons/SMS; CSDD ārējā sistēma; Publiskie avoti/Lursoft/internets,Operatīvo pierādījumu pieļaujamība/samērīgums; Informācija bija publiska/adresātam zināma,Jāvērtē manuāli pēc pilna nolēmuma; automātiski nav skaidri identificēta tiesas reakcija uz aizstāvības argumentiem.,,,IT_VEHICLE_OWNER; CH_PHONE; EV_WITNESSES; EV_OPERATIVE; EV_DUTY_DOCS; EV_PHONE_CALLS; EV_LEGAL_REGIME; EV_SYSTEM_LOGS; INST_POLICE; INST_COURT; INST_CSDD; INST_PROSECUTION; SRC_PHONE; SRC_CSDD; SRC_PUBLIC; DA_OPERATIVE_ADMISSIBILITY; DA_PUBLIC_INFO,augsta,"Pārbaudīt operatīvo pierādījumu pieļaujamību, samērīgumu un nodošanas ķēdi.","raudzības rotas jaunākā inspektora) dienesta pienākumus. Plkst. 12:15:30 /pers. D/ uz tālruni Nr./numurs/ no tālruņa Nr./numurs/ piezvanīja /pers. E/, kurš palūdza iegūt ziņas par automašīnas, reģistrācijas numurs /reģistrācijas numurs/, īpašnieku (piederību). Šajā sakarā /pers. D/, izmantojot viņam piešķirtās tiesības, plkst. 12:22:22 piezvanīja uz valsts policijas dežūrdaļas tālruni Nr.65403246, un palūdza atbildīgo iegūt informāciju no ārējās informācijas sistēmas CSDD (Ceļu satiksmes drošības direkcija) par augstāk minētās automašīnas īpašnieku, tā d || e. Liecinieces/pers. G/ liecības apstiprina faktu, ka apsūdzībā norādītajā laikā un vietā /pers. D/ piezvanīja lieciniecei un palūdza noskaidrot informāciju par apsūdzībā norādīto transportlīdzekli (īpašnieku, tā dzīvesvietu, transportlīdzekļa sodiem, tehnisko apskati), lieciniece nodeva pieprasīto informāciju /pers. D/. Šīs liecības apstiprinās ar krimināllietā esošajiem materiāliem un pierādījumiem, tām ir augsta ticamības pakāpe. Tiesnesim nav pamata neticēt šīs liecinieces liecībām. Apsūdzētā/pers. D/ liecības par to, ka precīzi neatceras pie kādiem  || ot viņam piešķirtās tiesības, plkst. 12:22:22 piezvanīja uz valsts policijas dežūrdaļas tālruni Nr.65403246, un palūdza atbildīgo iegūt informāciju no ārējās informācijas sistēmas CSDD (Ceļu satiksmes drošības direkcija) par augstāk minētās automašīnas īpašnieku, tā dzīvesvietu, sodiem un tehnisko apskati. Saņemot pieprasīto informāciju, /pers. D/ plkst. 12:24:56 piezvanīja /pers. E/, kuram izpauda ziņas par augstāk minētās automašīnas reģistrēto īpašnieku - fiziskās personas datus (vārds, uzvārds (persona ar iniciāļiem A.B.), dzīvesvietas adrese). Minēt",22760,5351e2eadb696b19e0b79a0ceee11e5ef64d19fb7ca0f4d336ba76909f411692
KL329-MAP-006,unique,Anonimizets_nolemums_381397.pdf,"11860000217, SKK-25/2019",SKK-25/2019,ECLI:LV:AT:2019:0425.11860000217.3.L,2019.gada 25.aprīlī,Latvijas Republikas Senāts,Senāts / kasācijas instance,attaisnošana minēta; atcelts/nodots jaunai izskatīšanai,IT_CONVICTIONS,Ziņas par personas sodāmību,"Transportlīdzekļa īpašnieka/apskates dati; Kriminālprocesa ziņas; Fiziskas personas dati; Robežkontroles, muitas un izceļošanas ziņas",Telefonsaruna/zvans,,Amata dokumenti/brīdinājumi; Informācijas režīma dokumenti; Liecinieku liecības,Tiesas/Tiesu administrācija/TIS; Prokuratūra/prokurori; Valsts policija; Valsts robežsardze/muita; VID/Valsts ieņēmumu dienests; Pašvaldības/valsts pārvaldes citas iestādes; CSDD,Telefons/SMS; CSDD ārējā sistēma,Rīcība amata pienākumu/uzdevuma ietvaros; Nav tieša nodoma/kļūda; Informācija bija publiska/adresātam zināma; Apelācijas/pirmās instances motivācijas trūkumi,Noraidīti argumenti: Nav tieša nodoma/kļūda; Informācija bija publiska/adresātam zināma,DA_MOTIVATION; DA_LAWFUL_DUTY,DA_PUBLIC_INFO; DA_NO_INTENT,IT_CONVICTIONS; CH_PHONE; EV_DUTY_DOCS; EV_LEGAL_REGIME; EV_WITNESSES; INST_COURT; INST_PROSECUTION; INST_POLICE; INST_BORDER; INST_VID; INST_MUNICIPAL; INST_CSDD; SRC_PHONE; SRC_CSDD; DA_LAWFUL_DUTY; DA_NO_INTENT; DA_PUBLIC_INFO; DA_MOTIVATION,augsta,,"ienā nebija atbildīgs vai pilnvarots koordinēt un nodot informāciju trešajām personām. [3.2.2] Apelācijas instances tiesa pavirši izvērtējusi starp /pers. D/ un /pers. E/ notikušo telefona sarunu atšifrējumu, no kura tieši izsecināma /pers. D/ inkriminētā noziedzīga nodarījuma subjektīvā puse – tas ir, ka /pers. D/ apzinājies pieprasītās informācijas un ziņu neizpaužamo raksturu un ka šī informācija /pers. E/ bija nepieciešama privātiem nolūkiem, nevis dienesta pienākumu izpildei. Nav šaubu par to, ka starp /pers. D/ un /pers. E/ notikušo telefona sarunu || personu datus. 2016.gada 15.septembrī /pers. D/ atradās darbā un pildīja savus dienesta pienākumus. Plkst.17.51.02 /pers. D/ uz tālruni Nr. /numurs 1/ no tālruņa Nr. /numurs 2/ piezvanīja /pers. E/ un palūdza iegūt ziņas par automašīnas, valsts reģistrācijas numurs /reģistrācijas numurs/, īpašnieku (piederību). /pers. D/, izmantojot viņam piešķirtās piekļuves tiesības ārējai informācijas sistēmai Ceļu satiksmes drošības direkcijā, plkst.19.16.36 pieslēdzās sistēmai un ieguva tajā pieejamās ziņas. Tad /pers. D/ plkst.19.18.50 piezvanīja /pers. E/ un izpau || b 2150 euro apmērā. [1.2] Ar pirmās instances tiesas spriedumu /pers. D/ atzīts par vainīgu un sodīts pēc Krimināllikuma 329.panta par to, ka viņš, būdams valsts amatpersona, kura brīdināta par ziņu neizpaušanu, izpauda neizpaužamas ziņas, kas nav valsts noslēpums. Noziedzīgs nodarījums izdarīts šādos pirmās instances tiesas konstatētajos apstākļos. /pers. D/ 2016.gada septembrī strādāja Valsts policijas Latgales reģiona pārvaldes /amats/, tas ir, bija valsts amatpersona. 2007.gada 29.novembrī /pers. D/ kā valsts amatpersona saskaņā ar Fizisko personu da",15251,a27d26f3bfac10c178d592d48806c28653ba58d9d08fc3ce4a5828cd9bfe2e28
KL329-MAP-007,unique,Anonimizets_nolemums_386884.pdf,,,ECLI:LV:RVPT:2019:0415.11860006916.2.S,2019.gada 15.aprīlī,Augstākā tiesa,Pirmā instance,notiesājošs / vainīgs; atstāts negrozīts,IT_PERSONAL_DATA,Fiziskas personas dati,Ziņas par privāto dzīvi/laulību; Krimināllietas materiāli/fototabulas; Ziņas par personas sodāmību; Kriminālprocesa ziņas,Telefonsaruna/zvans,Foto/failu nodošana; WhatsApp; SMS/īsziņas,Liecinieku liecības; Amata dokumenti/brīdinājumi; SMS/čati; Atzīšanās/paskaidrojumi; IS auditācijas dati,Tiesas/Tiesu administrācija/TIS; Valsts policija; PMLP/Iedzīvotāju reģistrs; VID/Valsts ieņēmumu dienests; Pašvaldības/valsts pārvaldes citas iestādes; Prokuratūra/prokurori; Iekšlietu ministrijas Informācijas centrs/Sodu reģistrs,Telefons/SMS; WhatsApp; PMLP Personu datu pārlūks/Iedzīvotāju reģistrs; Sodu reģistrs/IMIC,"Operatīvo pierādījumu pieļaujamība/samērīgums; Rīcība amata pienākumu/uzdevuma ietvaros; Nebija izpaušanas, tikai apskate/piekļuve; Nav tieša nodoma/kļūda",Jāvērtē manuāli pēc pilna nolēmuma; automātiski nav skaidri identificēta tiesas reakcija uz aizstāvības argumentiem.,,,IT_PERSONAL_DATA; CH_PHONE; CH_PHOTO_FILE; CH_WHATSAPP; CH_SMS; EV_WITNESSES; EV_DUTY_DOCS; EV_SMS_CHAT; EV_CONFESSION; EV_SYSTEM_LOGS; INST_COURT; INST_POLICE; INST_PMLP; INST_VID; INST_MUNICIPAL; INST_PROSECUTION; INST_IC; SRC_PHONE; SRC_WHATSAPP; SRC_PMLP; SRC_SODU; DA_OPERATIVE_ADMISSIBILITY; DA_LAWFUL_DUTY; DA_NO_DISCLOSURE; DA_NO_INTENT,augsta,"Pārbaudīt operatīvo pierādījumu pieļaujamību, samērīgumu un nodošanas ķēdi.","ā /pers. A/ uzrakstīja: “/adrese/, /personas kods/”, kā arī telefona fotogrāfijas ar informāciju no datu bāzes: “Personas kods: /personas kods/, uzvārds: /uzvārds/, vārds /vārds/, valstiskā piederība: Latvijas; piederības veids: nepilsonis”, kā arī uzrādīja minēto telefonu. Tiesas sēdē liecinieks /pers. C/ savas liecības, dotas pirmstiesas procesā, apstiprināja pilnībā un paskaidroja, ka lūdza /pers. A/ paskatīties informāciju datu bāzē par /pers. D/, tieši, lai noskaidrotu viņa adresi. No liecinieka /pers. F/ liecībām tiesas sēdē izriet, ka bija gadījum ||  ierobežotas pieejamības informāciju, kas nav valsts noslēpums, /pers. A/ 2016.gada 19.jūlijā, plkst.12:04, precīzi nenoskaidrotā vietā, fotouzņēmuma veidā, izmantojot savu mobilo telefonu, nodeva /pers. C/. Ar savām darbībām /pers. A/ izdarīja noziedzīgu nodarījumu, kas paredzēts Krimināllikuma 329.pantā. Bez tam, /pers. A/, būdama valsts amatpersona, kas par neizpaušanu bijusi brīdināta un saskaņā ar likumu ir atbildīga par ziņu glabāšanu, izpauda neizpaužamas ziņas, kas nav valsts noslēpums, proti: /pers. A/, būdama valsts amatpersona, Valsts policija || 10-111.lapa, ar tulkojumu lietas 112-116.lapa), liecības tiesas sēdē nolasītas Kriminālprocesa likuma 501.panta 2.punkta kārtībā, /pers. G/ liecināja, ka 2016.gada vasarā viņai piezvanīja /pers. A/ un teica, ka zina visu par viņas ģimeni, konkrēti, par viņas meitu /pers. H/, zina meitas dzīvesbiedra /pers. D/ dzīvesvietu, jo policijā viņai ir piekļuve datu bāzēm. No dēla teiktā viņa uzzināja, ka 2016.gadā viņas dēls /pers. C/ aizgāja pie /pers. A/ uz darbu policijas iecirknī Gogoļa ielā, kur /pers. A/ uz papīra uzrakstīja /pers. D/ adresi “/adrese/” un p",39519,8a363e52d38a26f160ee12b2b1aa15ee1583b36bd9714732eaf62e93ae6fa059
KL329-MAP-008,unique,Anonimizets_nolemums_390034.pdf,12812001716,,ECLI:LV:RVPT:2018:0219.12812001716.1.S,2018.gada 19.februārī,"Rīgas pilsētas Vidzemes priekšpilsētas tiesa,",Pirmā instance,,IT_CONVICTIONS,Ziņas par personas sodāmību,Fiziskas personas dati; Kriminālprocesa ziņas; Krimināllietas materiāli/fototabulas; Tiesu nolēmumi/neanonimizēti dokumenti,Telefonsaruna/zvans,SMS/īsziņas; Mutiska izpaušana klātienē; E-pasts,Liecinieku liecības; IS auditācijas dati; SMS/čati; Amata dokumenti/brīdinājumi; Informācijas režīma dokumenti; Operatīvās darbības pierādījumi; Telefonsarunas un zvanu izdrukas; E-pasta pierādījumi,Tiesas/Tiesu administrācija/TIS; Prokuratūra/prokurori; KNAB; VID/Valsts ieņēmumu dienests; Iekšlietu ministrijas Informācijas centrs/Sodu reģistrs; Valsts policija; Pašvaldības/valsts pārvaldes citas iestādes,Telefons/SMS; Publiskie avoti/Lursoft/internets; Tiesu informācijas sistēma/TIS; Sodu reģistrs/IMIC; VID sistēmas/NIS/EDS; E-pasts,Informācija bija publiska/adresātam zināma; Rīcība amata pienākumu/uzdevuma ietvaros; Operatīvo pierādījumu pieļaujamība/samērīgums; Nav tieša nodoma/kļūda,Noraidīti argumenti: Informācija bija publiska/adresātam zināma; Nav tieša nodoma/kļūda,,DA_PUBLIC_INFO; DA_NO_INTENT,IT_CONVICTIONS; CH_PHONE; CH_SMS; CH_ORAL; CH_EMAIL; EV_WITNESSES; EV_SYSTEM_LOGS; EV_SMS_CHAT; EV_DUTY_DOCS; EV_LEGAL_REGIME; EV_OPERATIVE; EV_PHONE_CALLS; EV_EMAIL; INST_COURT; INST_PROSECUTION; INST_KNAB; INST_VID; INST_IC; INST_POLICE; INST_MUNICIPAL; SRC_PHONE; SRC_PUBLIC; SRC_TIS; SRC_SODU; SRC_VID_NIS; SRC_EMAIL; DA_PUBLIC_INFO; DA_LAWFUL_DUTY; DA_OPERATIVE_ADMISSIBILITY; DA_NO_INTENT,augsta,"Pārbaudīt operatīvo pierādījumu pieļaujamību, samērīgumu un nodošanas ķēdi.","nta Nr./numurs/) no savā lietošanā esošā mobilā telefona (abonenta Nr./telefona numurs/) nosūtīja īsziņas (SMS), izpaužot informāciju par /pers. B/ (personas kods /personas kods/) sodāmību, ko 2016.gada 4.augustā bija ieguvusi no Tiesu informācijas sistēmas, proti, ka /pers. B/ iepriekš vienu reizi tiesāts, par kādu (vienu) noziedzīgu nodarījumu tiesāts un kāds bija piemērotais soda veids. Turpmāk /pers. A/, neveicot valsts amatpersonas amata pienākumus, kā arī nepildot konkrētu darba uzdevumu, neesot dienesta nepieciešamībai vai citam tiesību aktā notei || daļu Tiesu informatīvajā sistēmā iekļautā informācija ir ierobežotas pieejamības informācija, izņemot judikatūras datubāzi, kurā iekļautā informācija ir vispārpieejama. Saskaņā ar Sodu reģistra likuma 3.pantu reģistrā iekļautās ziņas ir ierobežotas pieejamības informācija. Saskaņā ar minētā likuma 9.panta 3. un 4.punktu sodu reģistrā iekļaujamas ziņas – Krimināllikuma pants, daļa, punkts uz kura pamata persona notiesāta, piespriestais (noteiktais) soda veids un mērs. No iepriekš norādītajām tiesību normām, tiesa secina, ka ziņas par personas sodāmību, kā || ta pienākumus, kā arī nepildot konkrētu darba uzdevumu, neesot dienesta nepieciešamībai vai citam tiesību aktā noteiktam pamatam /pers. A/ /pers. C/ uz viņa lietošanā esošo mobilo telefonu (abonenta Nr./numurs/) no savā lietošanā esošā mobilā telefona (abonenta Nr./telefona numurs/) nosūtīja īsziņas (SMS), izpaužot informāciju par /pers. B/ (personas kods /personas kods/) sodāmību, ko 2016.gada 4.augustā bija ieguvusi no Tiesu informācijas sistēmas, proti, ka /pers. B/ iepriekš vienu reizi tiesāts, par kādu (vienu) noziedzīgu nodarījumu tiesāts un kāds b",35497,f24ff349fa4faff72e9379441ad37d7c4b2d1e3d687097b822d80eb17b46cd2f
KL329-MAP-009,unique,Anonimizets_nolemums_392469.pdf,16870000715,,ECLI:LV:RVPT:2019:0131.16870000715.1.S,2019. gada 31. janvārī,Pilna sprieduma pieejamības diena tiesas kancelejā – 2019. gada 1. aprīlis.,Pirmā instance,attaisnošana minēta,IT_COURT_RULINGS,Tiesu nolēmumi/neanonimizēti dokumenti,Fiziskas personas dati; Krimināllietas materiāli/fototabulas; Transportlīdzekļa īpašnieka/apskates dati,E-pasts,Telefonsaruna/zvans,E-pasta pierādījumi; Liecinieku liecības; Amata dokumenti/brīdinājumi; IS auditācijas dati; SMS/čati; Informācijas režīma dokumenti; Operatīvās darbības pierādījumi,Tiesas/Tiesu administrācija/TIS; Prokuratūra/prokurori; VID/Valsts ieņēmumu dienests; KNAB,E-pasts; Tiesu informācijas sistēma/TIS; Publiskie avoti/Lursoft/internets; Telefons/SMS,"Rīcība amata pienākumu/uzdevuma ietvaros; Operatīvo pierādījumu pieļaujamība/samērīgums; Informācija bija publiska/adresātam zināma; Ziņas nav neizpaužamas/ierobežotas; Nebija izpaušanas, tikai apskate/piekļuve",Rezultīvi argumenti: Pēc operatīvo pierādījumu izslēgšanas vai apšaubīšanas aizstāvības pozīcija kļuva izšķiroša,DA_OPERATIVE_ADMISSIBILITY; DA_LAWFUL_DUTY,,IT_COURT_RULINGS; CH_EMAIL; CH_PHONE; EV_EMAIL; EV_WITNESSES; EV_DUTY_DOCS; EV_SYSTEM_LOGS; EV_SMS_CHAT; EV_LEGAL_REGIME; EV_OPERATIVE; INST_COURT; INST_PROSECUTION; INST_VID; INST_KNAB; SRC_EMAIL; SRC_TIS; SRC_PUBLIC; SRC_PHONE; DA_LAWFUL_DUTY; DA_OPERATIVE_ADMISSIBILITY; DA_PUBLIC_INFO; DA_NOT_PROTECTED; DA_NO_DISCLOSURE,augsta,"Pārbaudīt operatīvo pierādījumu pieļaujamību, samērīgumu un nodošanas ķēdi.","iegūto datu neizpaušanu trešajām personām. Turklāt uz to, ka /pers. A/ bija zināmi TIS lietošanas noteikumi, norāda arī viņa paša liecības, kurās viņš precīzi nošķir TIS pieejamos tiesu nolēmumus pēc to izskatīšanas veida slēgtā vai atklātā tiesas sēdē, skaidri liecina, ka slēgtā sēdē esošos nolēmumus nav izpaudis citām personām, ka nolēmumus ieguvis un lietojis tikai dienesta vajadzībām. Citiem vārdiem, /pers. A/ skaidri apzinājās, ka TIS esošie nolēmumi, izņemot judikatūras datu bāzi, ir ierobežotas pieejamības informācija, kuru drīkst iegūt un lietot  || nepieciešamības vai cita tiesību aktos noteikta tiesiska pamata 2014. gada 27. martā plkst.09:29 un 10:00 no elektroniskā pasta adreses /elektroniskā pasta adrese/ nosūtīja minēto neanonimizēto tiesas spriedumu uz /pers. C/ lietošanā esošo elektroniskā pasta adresi /elektroniskā pasta adrese/, tādā veidā radot /pers. C/ iespēju iepazīties ar minēto ierobežotas pieejamības informāciju. Turpinot savu nodomu, kas vērsts uz neizpaužamas informācijas izpaušanu /pers. C/, /pers. A/, būdams Rīgas tiesas apgabala prokuratūras prokurors, tas ir, valsts amatperson || ar nosaukumu ""message452.eml"", kurā saglabāta 2014. gada 27. martā plkst. 09.29 nosūtītā elektroniskā pasta vēstule ar nosaukumu ""Par konkursa komisijas lēmumu"". Vēstule sūtīta no e-pasta adreses /elektroniskā pasta adrese/ uz e-pasta adresi /elektroniskā pasta adrese/. E-pasta pielikumā konstatēta Word programmas datne ar nosaukumu ""file.doc"", kurā saglabāts Rīgas apgabaltiesas Civillietu tiesu kolēģijas 2008. gada 3. jūnija spriedums lietā Nr. C29511505. Apskates protokolam kā pielikums pievienota minētā e-pasta vēstule un tiesu nolēmums (2. sējuma 31 ",81543,3ffbe0cfee7062bb56e959e0e367fadfa76cbf25dabab3bcfc0eaa367672a341
KL329-MAP-010,unique,Anonimizets_nolemums_399224.pdf,"11820001316, SKK-368/2019",SKK-368/2019,ECLI:LV:AT:2019:1230.11820001316.4.L,2019.gada 30.decembrī,Latvijas Republikas Senāts,Senāts / kasācijas instance,atcelts/nodots jaunai izskatīšanai; atstāts negrozīts,IT_CASE_MATERIALS,Krimināllietas materiāli/fototabulas,Fiziskas personas dati; Ziņas par privāto dzīvi/laulību,Iesniegšana tiesā,,Liecinieku liecības; Amata dokumenti/brīdinājumi; Informācijas režīma dokumenti,Tiesas/Tiesu administrācija/TIS; Valsts robežsardze/muita,,Operatīvo pierādījumu pieļaujamība/samērīgums,Rezultīvi argumenti: Pēc operatīvo pierādījumu izslēgšanas vai apšaubīšanas aizstāvības pozīcija kļuva izšķiroša | Noraidīti argumenti: Kasācijas/ apelācijas argumenti noraidīti vai atzīti par faktisku pierādījumu pārvērtēšanu,DA_OPERATIVE_ADMISSIBILITY,,IT_CASE_MATERIALS; CH_COURT_SUBMISSION; EV_WITNESSES; EV_DUTY_DOCS; EV_LEGAL_REGIME; INST_COURT; INST_BORDER; DA_OPERATIVE_ADMISSIBILITY,vidēja,"Pārbaudīt operatīvo pierādījumu pieļaujamību, samērīgumu un nodošanas ķēdi.","okumentu kopijas. Izvērtējot minētos faktus kopsakarā ar apsūdzētās liecībām, tiesa atzinusi, ka nav pamata apšaubīt tiesas sēdes protokolā fiksētās ziņas par /pers. A/ darbībām – krimināllietas materiāliem pievienoto dokumentu kopiju iesniegšanu tiesai. [4.3.3] Izvērtējot /pers. A/ tiesai iesniegto dokumentu saturu un atsaucoties uz konkrētām likuma normām – Informācijas atklātības likuma 5.panta pirmo un otro daļu un Fizisko personu datu aizsardzības likuma 2.panta 3., 4.punktu, 6.pantu, tiesa atzinusi, ka /pers. A/ iesniegtajos dokumentos ietvertās zi || ātā šāda informācija tiek darīta zināma citai personai, kurai nav tiesību ar to iepazīties. Konkrētajā gadījumā tiesa konstatējusi, ka /pers. A/, iesniedzot šādu informāciju tiesā pievienošanai krimināllietas materiāliem, ir izpaudusi neizpaužamas ziņas citām personām, kurām nebija tiesību ar tām iepazīties. [4.4] Saskaņā ar Kriminālprocesa likuma 60.2panta pirmās daļas 8.punktu personai, kurai ir tiesības uz aizstāvību, ir tiesības klusēt, sniegt liecību vai atteikties liecināt. No minētās tiesību normas izriet, ka personai, kurai ir tiesības uz aizstāv || tbilst Kriminālprocesa likuma prasībām par pierādījumu pieļaujamību, attiecināmību un ticamību. Apelācijas instances tiesa nepamatoti atzinusi par pieļaujamu un ticamu pierādījumu liecinieka /pers. B/ liecības. Liecinieka /pers. B/ liecību objektivitāte ir apšaubāma, ņemot vērā viņa un apsūdzētās /pers. A/ procesuālo statusu un atšķirīgās intereses citā kriminālprocesā. Turklāt liecinieks /pers. B/ nebija noziedzīgā nodarījuma aculiecinieks, un viņa liecības neapstiprinās ar citiem lietā esošajiem pierādījumiem. Arī pārējo liecinieku liecības nav atzīsta",13301,189b28611d5d676d01b66dceb636d25af44e667cfebb151b85e3cb273357278b
KL329-MAP-011,unique,Anonimizets_nolemums_399289.pdf,,,ECLI:LV:RAT:2019:0206.11820001316.3.S,2019. gada 6. februārī,"tiesas sēdes priekšsēdētāja tiesnese Inese Laura Zemīte,",Apelācijas instance/apgabaltiesa,atcelts/nodots jaunai izskatīšanai; atstāts negrozīts,IT_BORDER_CUSTOMS,"Robežkontroles, muitas un izceļošanas ziņas",Krimināllietas materiāli/fototabulas; Ziņas par personas sodāmību; Ziņas par privāto dzīvi/laulību; Fiziskas personas dati,Iesniegšana tiesā,,Liecinieku liecības; SMS/čati; Amata dokumenti/brīdinājumi; Atzīšanās/paskaidrojumi; Informācijas režīma dokumenti; E-pasta pierādījumi,Tiesas/Tiesu administrācija/TIS; Valsts robežsardze/muita; Prokuratūra/prokurori,,Operatīvo pierādījumu pieļaujamība/samērīgums; Rīcība amata pienākumu/uzdevuma ietvaros; Apelācijas/pirmās instances motivācijas trūkumi,Rezultīvi argumenti: Procesuāls vai kvalifikācijas arguments bija nozīmīgs lietas tālākai virzībai | Noraidīti argumenti: Kasācijas/ apelācijas argumenti noraidīti vai atzīti par faktisku pierādījumu pārvērtēšanu,,,IT_BORDER_CUSTOMS; CH_COURT_SUBMISSION; EV_WITNESSES; EV_SMS_CHAT; EV_DUTY_DOCS; EV_CONFESSION; EV_LEGAL_REGIME; EV_EMAIL; INST_COURT; INST_BORDER; INST_PROSECUTION; DA_OPERATIVE_ADMISSIBILITY; DA_LAWFUL_DUTY; DA_MOTIVATION,augsta,"Pārbaudīt operatīvo pierādījumu pieļaujamību, samērīgumu un nodošanas ķēdi.","izpaušanu, ja to izdarījusi valsts amatpersona, kas par ziņu neizpaušanu bijusi brīdināta. /pers. F/, būdama Valsts robežsardzes Rīgas pārvaldes Tirdzniecības ostas II kategorijas robežkontroles punkta amatpersona, 2009.gada 26.aprīlī parakstīja saistības rakstu, ar kuru apņēmās saskaņā ar Fizisko personu datu aizsardzības likumu saglabāt un nelikumīgi neizpaust amata pienākumu veikšanas laikā iegūtos fizisko personu datus un tika brīdināta, ka fizisko personu datu izpaušanas gadījumā var tikt saukta pie normatīvajos aktos paredzētās atbildības. /pers. F ||  sēdes protokolu, ar kuru apstiprinās fakti par /pers. E/ faktiskajām darbībām, konstatējot, ka Ziemeļu rajona tiesas sēdē ar pārstāves /pers. K/ starpniecību /pers. F/ iesniegusi pievienošanai krimināllietas materiāliem prāmja “Romantika” un “Isabelle” 2014.gada 20.marta un 19.jūnija pasažieru sarakstus, vispārējo deklarāciju un Tirdzniecības ostas priekšnieka pienākumu izpildītāja /pers. H/ 2014.gada 27.marta ziņojumu Valsts robežsardzes Rīgas pārvaldes priekšniekam par izceļošanu uz ārvalstīm. Apelācijas instances tiesas sēdē apsūdzētā nenoliedza fakt || ekošo tiesas sēžu zālē, bet krimināllietas materiālos neatrodas konkrētās tiesas sēdes audio ieraksts, tāpēc apsūdzētā apšauba notikumu norisi tiesas sēdē. Tāpat /pers. F/ apšauba liecinieka /pers. H/ liecību patiesumu un viņa atbilstību liecinieka statusam kriminālprocesā, ņemot vērā liecinieka iepriekš izdarīto uzbrukumu viņai. Uzbrukuma fakts apstiprinās ar spēkā esošu Augstākās tiesas Krimināllietu departamenta lēmumu, taču nepietiekamu miesas bojājumu konstatēšanas trūkumu dēļ, /pers. H/ atbrīvots no kriminālatbildības. Turklāt tiesa nav vērtējusi f",31833,192564b902f4991a9c20b6902e5b8b1dd31a1e40b60cb22f4ff8757f36f093f4
KL329-MAP-012,unique,Anonimizets_nolemums_399419 (1).pdf,11860000217,SKK-375/2012,,2018.gada 7.februārī,Augstākā tiesa,Senāts / kasācijas instance,notiesājošs / vainīgs; attaisnošana minēta; atcelts/nodots jaunai izskatīšanai,IT_VEHICLE_OWNER,Transportlīdzekļa īpašnieka/apskates dati,Fiziskas personas dati; Krimināllietas materiāli/fototabulas; Operatīvās darbības ziņas; Nodokļu maksātāju ziņas,Telefonsaruna/zvans,,Liecinieku liecības; Operatīvās darbības pierādījumi; Amata dokumenti/brīdinājumi; Telefonsarunas un zvanu izdrukas; Informācijas režīma dokumenti; Atzīšanās/paskaidrojumi,Tiesas/Tiesu administrācija/TIS; Valsts policija; CSDD; VID/Valsts ieņēmumu dienests; Prokuratūra/prokurori,Telefons/SMS; CSDD ārējā sistēma; Publiskie avoti/Lursoft/internets,Operatīvo pierādījumu pieļaujamība/samērīgums; Uzkūdīšanas pazīmju apstrīdēšana; Informācija bija publiska/adresātam zināma,Rezultīvi argumenti: Pēc operatīvo pierādījumu izslēgšanas vai apšaubīšanas aizstāvības pozīcija kļuva izšķiroša,DA_OPERATIVE_ADMISSIBILITY,,IT_VEHICLE_OWNER; CH_PHONE; EV_WITNESSES; EV_OPERATIVE; EV_DUTY_DOCS; EV_PHONE_CALLS; EV_LEGAL_REGIME; EV_CONFESSION; INST_COURT; INST_POLICE; INST_CSDD; INST_VID; INST_PROSECUTION; SRC_PHONE; SRC_CSDD; SRC_PUBLIC; DA_OPERATIVE_ADMISSIBILITY; DA_INSTIGATION; DA_PUBLIC_INFO,augsta,"Pārbaudīt operatīvo pierādījumu pieļaujamību, samērīgumu un nodošanas ķēdi.","zības rotas jaunākā inspektora) dienesta pienākumus. Plkst. 17:51:02 /pers. C/ uz tālruni Nr./numurs A/ no tālruņa Nr./numurs B/ piezvanīja /pers. D/, kurš palūdza iegūt ziņas par automašīnas, reģistrācijas numurs /reģistrācijas numurs/, īpašnieku (piederību). Šajā sakarā /pers. C/, izmantojot viņam piešķirtās piekļuves tiesības ārējai informācijas sistēmai CSDD (Ceļu satiksmes drošības direkcija), plkst. 19:16:36 pieslēdzās sistēmai un ieguva tajā pieejamās ziņas. Tad /pers. C/ plkst. 19:18:50 piezvanīja /pers. D/, kuram izpauda ziņas par augstāk minēto || va kompjūterā. Kā arī var zvanīt uz dežūrdaļu, lai noskaidrotu nepieciešamo informāciju par cilvēku vai mašīnu. Nekādā gadījumā nevar sniegt, dot informāciju trešajām personām par transportlīdzekli, īpašnieku, turētajiem. Tikai pildot dienesta pienākumus, piemēram, noskaidrot, vai pārkāpējam ir kādi citi pārkāpumi. Tiesas sēdē liecinieks /pers. H/, liecināja, ka ar apsūdzēto /pers. C/ agrāk kopā strādāja. Draudzīgas attiecības. /datums/ liecinieks kopā ar kolēģiem atradās darbā. Liecinieks strādāja Valsts policijas Latgales reģiona pārvaldes Kārtības pol || automašīnas, reģistrācijas numurs /reģistrācijas numurs/, īpašnieku (piederību). Šajā sakarā /pers. C/, izmantojot viņam piešķirtās piekļuves tiesības ārējai informācijas sistēmai CSDD (Ceļu satiksmes drošības direkcija), plkst. 19:16:36 pieslēdzās sistēmai un ieguva tajā pieejamās ziņas. Tad /pers. C/ plkst. 19:18:50 piezvanīja /pers. D/, kuram izpauda ziņas par augstāk minēto automašīnu (izlaides gads, virsbūves krāsa, modelis) un tās reģistrētā īpašnieka - fiziskās personas datus (vārds, uzvārds (persona ar iniciāļiem/pers.B/), dzīvesvietas adrese). M",27055,011ff604e37aac45a23be32bc281c37880b682258c4d52bb5e663a5854324a79
KL329-MAP-013,unique,Anonimizets_nolemums_399419.pdf,11860000217,SKK-375/2012,,2018.gada 7.februārī,Augstākā tiesa,Senāts / kasācijas instance,notiesājošs / vainīgs; attaisnošana minēta; atcelts/nodots jaunai izskatīšanai,IT_VEHICLE_OWNER,Transportlīdzekļa īpašnieka/apskates dati,Fiziskas personas dati; Krimināllietas materiāli/fototabulas; Operatīvās darbības ziņas; Nodokļu maksātāju ziņas,Telefonsaruna/zvans,,Liecinieku liecības; Operatīvās darbības pierādījumi; Amata dokumenti/brīdinājumi; Telefonsarunas un zvanu izdrukas; Informācijas režīma dokumenti; Atzīšanās/paskaidrojumi,Tiesas/Tiesu administrācija/TIS; Valsts policija; CSDD; VID/Valsts ieņēmumu dienests; Prokuratūra/prokurori,Telefons/SMS; CSDD ārējā sistēma; Publiskie avoti/Lursoft/internets,Operatīvo pierādījumu pieļaujamība/samērīgums; Uzkūdīšanas pazīmju apstrīdēšana; Informācija bija publiska/adresātam zināma,Rezultīvi argumenti: Pēc operatīvo pierādījumu izslēgšanas vai apšaubīšanas aizstāvības pozīcija kļuva izšķiroša,DA_OPERATIVE_ADMISSIBILITY,,IT_VEHICLE_OWNER; CH_PHONE; EV_WITNESSES; EV_OPERATIVE; EV_DUTY_DOCS; EV_PHONE_CALLS; EV_LEGAL_REGIME; EV_CONFESSION; INST_COURT; INST_POLICE; INST_CSDD; INST_VID; INST_PROSECUTION; SRC_PHONE; SRC_CSDD; SRC_PUBLIC; DA_OPERATIVE_ADMISSIBILITY; DA_INSTIGATION; DA_PUBLIC_INFO,augsta,"Pārbaudīt operatīvo pierādījumu pieļaujamību, samērīgumu un nodošanas ķēdi.","zības rotas jaunākā inspektora) dienesta pienākumus. Plkst. 17:51:02 /pers. C/ uz tālruni Nr./numurs A/ no tālruņa Nr./numurs B/ piezvanīja /pers. D/, kurš palūdza iegūt ziņas par automašīnas, reģistrācijas numurs /reģistrācijas numurs/, īpašnieku (piederību). Šajā sakarā /pers. C/, izmantojot viņam piešķirtās piekļuves tiesības ārējai informācijas sistēmai CSDD (Ceļu satiksmes drošības direkcija), plkst. 19:16:36 pieslēdzās sistēmai un ieguva tajā pieejamās ziņas. Tad /pers. C/ plkst. 19:18:50 piezvanīja /pers. D/, kuram izpauda ziņas par augstāk minēto || va kompjūterā. Kā arī var zvanīt uz dežūrdaļu, lai noskaidrotu nepieciešamo informāciju par cilvēku vai mašīnu. Nekādā gadījumā nevar sniegt, dot informāciju trešajām personām par transportlīdzekli, īpašnieku, turētajiem. Tikai pildot dienesta pienākumus, piemēram, noskaidrot, vai pārkāpējam ir kādi citi pārkāpumi. Tiesas sēdē liecinieks /pers. H/, liecināja, ka ar apsūdzēto /pers. C/ agrāk kopā strādāja. Draudzīgas attiecības. /datums/ liecinieks kopā ar kolēģiem atradās darbā. Liecinieks strādāja Valsts policijas Latgales reģiona pārvaldes Kārtības pol || automašīnas, reģistrācijas numurs /reģistrācijas numurs/, īpašnieku (piederību). Šajā sakarā /pers. C/, izmantojot viņam piešķirtās piekļuves tiesības ārējai informācijas sistēmai CSDD (Ceļu satiksmes drošības direkcija), plkst. 19:16:36 pieslēdzās sistēmai un ieguva tajā pieejamās ziņas. Tad /pers. C/ plkst. 19:18:50 piezvanīja /pers. D/, kuram izpauda ziņas par augstāk minēto automašīnu (izlaides gads, virsbūves krāsa, modelis) un tās reģistrētā īpašnieka - fiziskās personas datus (vārds, uzvārds (persona ar iniciāļiem/pers.B/), dzīvesvietas adrese). M",27055,e46e8f653bc829fdbafc775e9a31c363fbd2bdb0c7e634430758c54b179b9b73
KL329-MAP-014,unique,Anonimizets_nolemums_416226.pdf,"12812001716, SKK-J-221/2020",SKK-J-221/2020,ECLI:LV:AT:2020:0604.12812001716.5.L,2020.gada 4.jūnijā,Latvijas Republikas Senāts,Senāts: atteikums ierosināt kasāciju/lēmums,atteikts ierosināt kasāciju; atstāts negrozīts,IT_CONVICTIONS,Ziņas par personas sodāmību,Operatīvās darbības ziņas; Kriminālprocesa ziņas; Tiesu nolēmumi/neanonimizēti dokumenti; Fiziskas personas dati,SMS/īsziņas,,Operatīvās darbības pierādījumi; Informācijas režīma dokumenti; Liecinieku liecības; Amata dokumenti/brīdinājumi; SMS/čati,Tiesas/Tiesu administrācija/TIS; VID/Valsts ieņēmumu dienests; Prokuratūra/prokurori; Iekšlietu ministrijas Informācijas centrs/Sodu reģistrs,Publiskie avoti/Lursoft/internets; Tiesu informācijas sistēma/TIS; Telefons/SMS; Sodu reģistrs/IMIC,Operatīvo pierādījumu pieļaujamība/samērīgums; Informācija bija publiska/adresātam zināma; Apelācijas/pirmās instances motivācijas trūkumi; Uzkūdīšanas pazīmju apstrīdēšana,Rezultīvi argumenti: Pēc operatīvo pierādījumu izslēgšanas vai apšaubīšanas aizstāvības pozīcija kļuva izšķiroša | Noraidīti argumenti: Informācija bija publiska/adresātam zināma; Uzkūdīšanas pazīmju apstrīdēšana,DA_OPERATIVE_ADMISSIBILITY; DA_MOTIVATION,DA_PUBLIC_INFO; DA_INSTIGATION,IT_CONVICTIONS; CH_SMS; EV_OPERATIVE; EV_LEGAL_REGIME; EV_WITNESSES; EV_DUTY_DOCS; EV_SMS_CHAT; INST_COURT; INST_VID; INST_PROSECUTION; INST_IC; SRC_PUBLIC; SRC_TIS; SRC_PHONE; SRC_SODU; DA_OPERATIVE_ADMISSIBILITY; DA_PUBLIC_INFO; DA_MOTIVATION; DA_INSTIGATION,augsta,"Pārbaudīt operatīvo pierādījumu pieļaujamību, samērīgumu un nodošanas ķēdi. Publiskuma arguments jābalsta uz precīzu ziņu kombināciju un izpaušanas brīdi; Senāts to bieži noraida.","a informāciju, ko viņa sūtījusi, var noskaidrot, izmantojot arī publiskus resursus, tiesa secinājusi, ka šāds arguments ir noraidāms, jo izdrukā nav izklāstītas ziņas par personas sodāmību, bet tajā ir informācija par izskatāmajām lietām un to izskatīšanas rezultātiem. Rīgas apgabaltiesa atzinusi par nepamatotu apsūdzētās /pers. A/ liecināto, ka līdz 2016.gada decembrim tiesu portāla sadaļā „Tiesu kalendāri” bija iespējams piekļūt vēsturiskajiem datiem par tiesas sēdēm krimināllietās, līdz ar to šī informācija kļūst par vispārpieejamu un publicētu. Lieci || tiesu nolēmumu apstrādi pirms to izsniegšanas” noteikto, sagatavojot nolēmumu publicēšanai, datus, kas ļauj identificēt fizisko personu, aizstājot ar atbilstošu norādi. Saskaņā ar Sodu reģistra likuma 3.pantu ziņas par /pers. C/ sodāmību, ko /pers. A/ nodeva /pers. B/, ir ierobežotas pieejamības informācija. Ņemot vērā minēto, apelācijas instances tiesa secinājusi, ka nav pamata uzskatīt, ka /pers. A/ sniegtās ziņas /pers. B/ ir vispārpieejama informācija. Izvērtējot advokāta pieteikumā norādītās likumu un Ministru kabineta noteikumu normas kopsakarā ar  || tējumu, kurš būtu pamatots ar tiesību normām, judikatūrā vai tiesību zinātnē paustām atziņām. Apelācijas instances tiesa atzinusi, ka operatīvās darbības pasākuma ietvaros iegūtās īsziņas nav pamata izslēgt no pierādījumu bāzes, jo pasākums uzsākts un turpināts likumīgi. Tiesa konstatējusi, ka jau vairākus mēnešus pirms attiecīgā operatīvās darbības pasākuma sankcionēšanas Krimināllikuma 329.pantā paredzētais noziedzīgais nodarījums bija atzīts par mazāk smagu noziegumu, proti, tādu, par kuru ir atļauta operatīvā sarunu noklausīšanās. Apelācijas instance",18782,f039e3c0c348c783180a508cf1761d5c49a549a15fcd0f9e802fc08d09cfdcb1
KL329-MAP-015,unique,Anonimizets_nolemums_418511.pdf,,SKK- 232/08,ECLI:LV:RLPT:2020:0525.11816011019.2.S,2020.gada 25. maijā,,Senāts / kasācijas instance,notiesājošs / vainīgs,IT_PERSONAL_DATA,Fiziskas personas dati,Krimināllietas materiāli/fototabulas; Ziņas par privāto dzīvi/laulību; Ziņas par personas sodāmību; Kriminālprocesa ziņas,Telefonsaruna/zvans,WhatsApp; Foto/failu nodošana,SMS/čati; Amata dokumenti/brīdinājumi; Atzīšanās/paskaidrojumi; Informācijas režīma dokumenti,Tiesas/Tiesu administrācija/TIS; Valsts policija; Prokuratūra/prokurori; PMLP/Iedzīvotāju reģistrs; VID/Valsts ieņēmumu dienests,Telefons/SMS; WhatsApp; PMLP Personu datu pārlūks/Iedzīvotāju reģistrs,Rīcība amata pienākumu/uzdevuma ietvaros; Operatīvo pierādījumu pieļaujamība/samērīgums,Jāvērtē manuāli pēc pilna nolēmuma; automātiski nav skaidri identificēta tiesas reakcija uz aizstāvības argumentiem.,,,IT_PERSONAL_DATA; CH_PHONE; CH_WHATSAPP; CH_PHOTO_FILE; EV_SMS_CHAT; EV_DUTY_DOCS; EV_CONFESSION; EV_LEGAL_REGIME; INST_COURT; INST_POLICE; INST_PROSECUTION; INST_PMLP; INST_VID; SRC_PHONE; SRC_WHATSAPP; SRC_PMLP; DA_LAWFUL_DUTY; DA_OPERATIVE_ADMISSIBILITY,augsta,"Pārbaudīt operatīvo pierādījumu pieļaujamību, samērīgumu un nodošanas ķēdi.",". G/, /pers. H/, /pers. I/, /pers. J/, /pers. K/, /pers. L/ un /pers. M/ nolūkā tos izplatīt trešajai personai - /pers. N/. 2018.gada 16.februārī /pers. A/, izmantojot sava mobilā telefona aplikāciju “WhatsApp”, nosūtīja uz /pers. N/ norādīto telefonu Nr./numurs/ fotoattēlus no “Personas datu pārlūka” ar /pers. L/ personas kodu, valstisko piederību un dzīvesvietu. 2018.gada 28.februārī /pers. A/, izmantojot sava mobilā telefona aplikāciju “WhatsApp”, nosūtīja uz /pers. N/ norādīto telefonu Nr./numurs/ fotoattēlus no “Personas datu pārlūka” ar /pers. M/ p",11289,222d2309eaac5a4562260e2d1bcdd1eda8a0c8151d8566361ececc7bd8b50f1f
KL329-MAP-016,unique,Anonimizets_nolemums_436371.pdf,2012/51-52-53 izskatīšanu un šajā lietā esošo,SKK-150/2016,ECLI:LV:RAT:2019:0328.12812002315.3.S,2019. gada 28. martā,Augstākā tiesa,Senāts / kasācijas instance,notiesājošs / vainīgs; attaisnošana minēta; atcelts/nodots jaunai izskatīšanai; atstāts negrozīts,IT_VEHICLE_OWNER,Transportlīdzekļa īpašnieka/apskates dati,Krimināllietas materiāli/fototabulas; Fiziskas personas dati; Operatīvās darbības ziņas; Ziņas par personas sodāmību,Telefonsaruna/zvans,SMS/īsziņas; Mutiska izpaušana klātienē; Foto/failu nodošana,Liecinieku liecības; Video/foto fiksācija; Amata dokumenti/brīdinājumi; Operatīvās darbības pierādījumi; IS auditācijas dati; Atzīšanās/paskaidrojumi; Telefonsarunas un zvanu izdrukas; SMS/čati,Tiesas/Tiesu administrācija/TIS; VID/Valsts ieņēmumu dienests; Pašvaldības/valsts pārvaldes citas iestādes; Prokuratūra/prokurori; KNAB; PMLP/Iedzīvotāju reģistrs,Telefons/SMS; Publiskie avoti/Lursoft/internets; PMLP Personu datu pārlūks/Iedzīvotāju reģistrs; E-pasts,"Operatīvo pierādījumu pieļaujamība/samērīgums; Informācija bija publiska/adresātam zināma; Rīcība amata pienākumu/uzdevuma ietvaros; Uzkūdīšanas pazīmju apstrīdēšana; Nav tieša nodoma/kļūda; Nebija izpaušanas, tikai apskate/piekļuve; Apelācijas/pirmās instances motivācijas trūkumi","Rezultīvi argumenti: Motivācijas/pierādījumu izvērtējuma trūkumi noveda pie atcelšanas vai nodošanas jaunai izskatīšanai; Operatīvo pierādījumu pieļaujamības/samērīguma jautājums noveda pie atcelšanas vai atkārtotas izvērtēšanas; Amata pienākumu/tiesiskā mērķa arguments bija jāizvērtē atkārtoti | Noraidīti argumenti: Informācija bija publiska/adresātam zināma; Uzkūdīšanas pazīmju apstrīdēšana; Nav tieša nodoma/kļūda; Nebija izpaušanas, tikai apskate/piekļuve",DA_OPERATIVE_ADMISSIBILITY; DA_MOTIVATION; DA_LAWFUL_DUTY,DA_PUBLIC_INFO; DA_NO_DISCLOSURE; DA_NO_INTENT; DA_INSTIGATION,IT_VEHICLE_OWNER; CH_PHONE; CH_SMS; CH_ORAL; CH_PHOTO_FILE; EV_WITNESSES; EV_VIDEO; EV_DUTY_DOCS; EV_OPERATIVE; EV_SYSTEM_LOGS; EV_CONFESSION; EV_PHONE_CALLS; EV_SMS_CHAT; INST_COURT; INST_VID; INST_MUNICIPAL; INST_PROSECUTION; INST_KNAB; INST_PMLP; SRC_PHONE; SRC_PUBLIC; SRC_PMLP; SRC_EMAIL; DA_OPERATIVE_ADMISSIBILITY; DA_PUBLIC_INFO; DA_LAWFUL_DUTY; DA_INSTIGATION; DA_NO_INTENT; DA_NO_DISCLOSURE; DA_MOTIVATION,augsta,"Pārbaudīt operatīvo pierādījumu pieļaujamību, samērīgumu un nodošanas ķēdi.","aikā 2013. gada 4. septembrī /pers. G/, būdama aizdomās turētā (17. sējuma 69-76 lpp.), liecināja: Pēc pierakstu klades ar krāsainiem punktiņiem un ciparu “3” uz vāka, kas izņemts automašīnas /TL marka/, reģ.Nr. /reģistrācijas numurs/, kratīšanas laikā un pierakstu klades kopijas uzrādīšanas, /pers. G/ atbildēja uz izmeklētājas jautājumiem sekojošo, ka: Šī pierakstu klade ir viņas, un ierakstus kladē veikuši vairāki cilvēki, tai skaitā arī viņa, ielīmētas arī dažas lapiņas, ko rakstījusi /pers. D/, tā ir darba burtnīca. Par kladē piestiprinātajām piezīmj || ajos dokumentos, 2012. gada 17. aprīlī ap plkst. 10.27 /pers. B/ sarunā pa tālruni izmantojot viņai pieejamo darba vajadzībām paredzēto Rīgas domes informācijas sistēmu „BRIDZIS”, telefoniski sniedza informāciju /pers. G/ par maiņas dalībnieces /pers. AC/ personas kodu, norādīja uz maiņas lietā iesniegto dokumentu nepilnībām, kā arī, izmantojot Rīgas domes datu sistēmu “BRIDZIS” sniedza /pers. G/ informāciju par maiņā iesaistītās personas komunālo maksājumu parāda apmēru, kāds bija sakrājies divistabu dzīvoklim pašvaldības mājā ar ērtībām /adrese/ un dzī || pkalpošanas nodaļas (no 5. stāva) deva viņas telefonu, lai viņa atbildētu uz viņu interesējošiem jautājumiem par dzīvokļu maiņu. Viņai uz darba mobilo un stacionāro telefonu bieži zvanīja dažādi cilvēki par dzīvokļu maiņas jautājumiem, tai skaitā arī /pers. G/, uz kuru jautājumiem viņa atbildēja. Kā arī kolēģi no 5. stāva lūdza viņu nonākt uz 5. stāvu, lai viņa aprunātos ar klientiem un pārbaudītu dokumentu pareizību. Pēc faila 2012-06-13 11_33_21 /numurs/ IZEJ /numurs/ atskaņošanas un faila atšifrējuma uzrādīšanas uz izmeklētājas jautājumiem atbildēja s",689045,ee1745e0706c16e646e42813939b2b07a8721565805796f7a3a654c255f935ed
KL329-MAP-017,unique,Anonimizets_nolemums_453105.pdf,12812002315,,ECLI:LV:RVPT:2017:0825.12812002315.1.S,2017.gada 25.augustā,Pilna sprieduma pieejamības diena tiesas kancelejā – 2018.gada 16.janvāris.,Pirmā instance,notiesājošs / vainīgs; attaisnošana minēta,IT_VEHICLE_OWNER,Transportlīdzekļa īpašnieka/apskates dati,Ziņas par personas sodāmību; Fiziskas personas dati; Nodokļu maksātāju ziņas,Telefonsaruna/zvans,Mutiska izpaušana klātienē,Amata dokumenti/brīdinājumi; IS auditācijas dati; SMS/čati; Liecinieku liecības; Video/foto fiksācija,Pašvaldības/valsts pārvaldes citas iestādes; Tiesas/Tiesu administrācija/TIS; Prokuratūra/prokurori; VID/Valsts ieņēmumu dienests; PMLP/Iedzīvotāju reģistrs,Telefons/SMS; PMLP Personu datu pārlūks/Iedzīvotāju reģistrs,Rīcība amata pienākumu/uzdevuma ietvaros; Operatīvo pierādījumu pieļaujamība/samērīgums,Rezultīvi argumenti: Pēc operatīvo pierādījumu izslēgšanas vai apšaubīšanas aizstāvības pozīcija kļuva izšķiroša,DA_OPERATIVE_ADMISSIBILITY; DA_LAWFUL_DUTY,,IT_VEHICLE_OWNER; CH_PHONE; CH_ORAL; EV_DUTY_DOCS; EV_SYSTEM_LOGS; EV_SMS_CHAT; EV_WITNESSES; EV_VIDEO; INST_MUNICIPAL; INST_COURT; INST_PROSECUTION; INST_VID; INST_PMLP; SRC_PHONE; SRC_PMLP; DA_LAWFUL_DUTY; DA_OPERATIVE_ADMISSIBILITY,augsta,"Pārbaudīt operatīvo pierādījumu pieļaujamību, samērīgumu un nodošanas ķēdi.","mentos, 2012.gada 17.aprīlī ap plkst. 10.27 /pers. B/ sarunā pa tālruni izmantojot viņai pieejamo darba vajadzībām paredzēto /iestādes nosaukums/ informācijas sistēmu /Nosaukums/, telefoniski sniedza informāciju /pers. E/ par maiņas dalībnieces /pers. AF/ personas kodu, norādīja uz maiņas lietā iesniegto dokumentu nepilnībām, kā arī, izmantojot /iestādes nosaukums/ datu sistēmu /Nosaukums/ sniedza /pers. E/ informāciju par maiņā iesaistītās personas komunālo maksājumu parāda apmēru, kāds bija sakrājies divistabu dzīvoklim pašvaldības mājā ar ērtībām /adr || , ka par šo darījumu /pers. E/ no maiņas dalībniekiem saņems naudu. Tāpat /pers. C/ un /pers. B/ pieļāva bezdarbību. Bezdarbība izpaudās tādā veidā: ka /pers. C/, kurai saskaņā ar amata aprakstu bija jārealizē /iestādes nosaukums/ politika palīdzības sniegšanā dzīvokļa jautājumu risināšanā /pilsētas nosaukums/ iedzīvotājiem, jādod sava piekrišana dzīvojamo telpu maiņai gadījumos, kad viens no maiņas dalībniekiem ir valsts vai pašvaldības īpašumā esošas dzīvojamās telpas īrnieks, gan /pers. B/, kurai bija pienākums organizēt normatīvajos aktos noteiktajā ",145665,752b30a76e5cf3d22d81ea4ef7fd02779eba1cd1dd4b04ba7917264a5cd2f8ad
KL329-MAP-018,unique,Anonimizets_nolemums_457776.pdf,15850001321,,ECLI:LV:RVPT:2021:0831.15850001321.2.S,2021.gada 31.augustā,"Rīgas pilsētas Vidzemes priekšpilsētas tiesa,",Pirmā instance,atcelts/nodots jaunai izskatīšanai; atstāts negrozīts,IT_BORDER_CUSTOMS,"Robežkontroles, muitas un izceļošanas ziņas",Nodokļu maksātāju ziņas; Krimināllietas materiāli/fototabulas; Transportlīdzekļa īpašnieka/apskates dati; Kriminālprocesa ziņas,Telefonsaruna/zvans,Foto/failu nodošana; WhatsApp; Iesniegšana tiesā,Amata dokumenti/brīdinājumi; Operatīvās darbības pierādījumi; SMS/čati,Valsts robežsardze/muita; VID/Valsts ieņēmumu dienests; Tiesas/Tiesu administrācija/TIS; Prokuratūra/prokurori; CSDD,Telefons/SMS; VID sistēmas/NIS/EDS; WhatsApp; CSDD ārējā sistēma,Rīcība amata pienākumu/uzdevuma ietvaros; Operatīvo pierādījumu pieļaujamība/samērīgums,Jāvērtē manuāli pēc pilna nolēmuma; automātiski nav skaidri identificēta tiesas reakcija uz aizstāvības argumentiem.,,,IT_BORDER_CUSTOMS; CH_PHONE; CH_PHOTO_FILE; CH_WHATSAPP; CH_COURT_SUBMISSION; EV_DUTY_DOCS; EV_OPERATIVE; EV_SMS_CHAT; INST_BORDER; INST_VID; INST_COURT; INST_PROSECUTION; INST_CSDD; SRC_PHONE; SRC_VID_NIS; SRC_WHATSAPP; SRC_CSDD; DA_LAWFUL_DUTY; DA_OPERATIVE_ADMISSIBILITY,augsta,"Pārbaudīt operatīvo pierādījumu pieļaujamību, samērīgumu un nodošanas ķēdi.","a iepriekš brīdināta par neizpaužamu ziņu neizpaušanu, 2018.gada 9.augustā plkst.09.31, izmantojot viņam dienesta pienākumu veikšanai piešķirtos Valsts ieņēmumu dienesta Centrālās muitas informācijas sistēmas piekļuves rekvizītus, autorizējās šajā sistēmā un atlasīja informāciju, ko lūdza noskaidrot izmeklēšanā noskaidrota persona, precizēt, vai tabakas krava bija dienā vai naktī. Turpinot savas noziedzīgās darbības /pers. A/, neveicot valsts amatpersonas amata pienākumus, kā arī nepildot konkrētu darba uzdevumu, neesot dienesta nepieciešamībai vai citam || rī nepildot konkrētu darba uzdevumu, neesot dienesta nepieciešamībai vai citam normatīvajā tiesību aktā noteiktajam pamatam 2018.gada 9.augustā plkst.09.31, izmantojot sava mobilā telefona aplikāciju WhatsApp, nosūtīja uz izmeklēšanā noskaidrotas personas norādīto telefona numuru fotoattēlu no Valsts ieņēmumu dienesta Centrālās muitas informācijas sistēmas ar tabulu par to, kādā laikā un kurā robežpunktā veiktas darbības ar izmeklēšanā noskaidrotu personu interesējošo tabakas kravu, t.i., 2018.gada 10.jūnijā plkst.02.27 /nosaukums/ robežpunktā. Tādā veid || būdams valsts amatpersona Krimināllikuma 316.panta pirmās daļas izpratnē, proti, persona, kura pastāvīgi izpilda valsts dienesta pienākumus un kuras dienesta pienākumos saskaņā ar amata aprakstu un Operatīvās darbības likumu ietilpst izmeklēšanas funkcijas veikšana, kā arī būdams parakstījis 2005.gada 16.novembra apliecinājumu, apņemoties neizpaust ierobežotas pieejamības informāciju, kas viņam tiks uzticēta vai kļūs zināma, pildot darba vai dienesta pienākumus un, apņemoties bez iebildumiem un precīzi izpildīt ar ierobežotas pieejamības informācijas aiz",25436,d243350688f1c3494bb68379787dba2a0c70d567cb4aa86ecf8c2d864fafed1c
KL329-MAP-019,unique,Anonimizets_nolemums_459247.pdf,11860003220,,,2021.gada 15.septembrī,Kurzemes rajona tiesa,Pirmā instance,notiesājošs / vainīgs; atstāts negrozīts,IT_VEHICLE_OWNER,Transportlīdzekļa īpašnieka/apskates dati,Krimināllietas materiāli/fototabulas; Fiziskas personas dati; Kriminālprocesa ziņas,,,Amata dokumenti/brīdinājumi; Video/foto fiksācija; Informācijas režīma dokumenti,Tiesas/Tiesu administrācija/TIS; Prokuratūra/prokurori; VID/Valsts ieņēmumu dienests,,Rīcība amata pienākumu/uzdevuma ietvaros,Jāvērtē manuāli pēc pilna nolēmuma; automātiski nav skaidri identificēta tiesas reakcija uz aizstāvības argumentiem.,,,IT_VEHICLE_OWNER; EV_DUTY_DOCS; EV_VIDEO; EV_LEGAL_REGIME; INST_COURT; INST_PROSECUTION; INST_VID; DA_LAWFUL_DUTY,vidēja,Izpaušanas kanāls nav automātiski skaidri identificēts — nepieciešama manuāla pārbaude.,"normatīvajos aktos noteikto atbildību par fizisko personu datu nelikumīgu izpaušanu, nolūkā darīt zināmu /pers. B/ (/pers. B/) (kurai nav tiesību ar to iepazīties) informāciju par transportlīdzekļa ar reģistrācijas numurzīmi “/reģistrācijas numurs/” īpašnieka vārdu, uzvārdu, dzīvesvietas adresi un kontakttālruņa numuru, izmantoja /Nosaukums A/ darbinieces /pers. C/ palīdzību un no Ceļu satiksmes drošības direkcijas un Iekšlietu informācijas sistēmas “Administratīvus pārkāpumus izdarījušas personas” datubāzēm informāciju ieguva un pierakstīja savos pierak || ā noteikto valsts amatpersonas jēdzienu, jo pildot /darba vieta/ pienākumus bija persona, kura pastāvīgi izpilda valsts dienesta pienākumus un kuras dienesta pienākumos saskaņā ar amata aprakstu ir pieņemt lēmumus, kas saistoši citām personām un veikt sodīšanas funkciju. /datums//pers. A/, būdams brīdināts par normatīvajos aktos noteikto atbildību par fizisko personu datu nelikumīgu izpaušanu, nolūkā darīt zināmu /pers. B/ (/pers. B/) (kurai nav tiesību ar to iepazīties) informāciju par transportlīdzekļa ar reģistrācijas numurzīmi “/reģistrācijas numurs/ || esas sēdē iztiesāja krimināllietu, kurā /pers. A/, personas kods /personas kods/, apsūdzēts pēc Krimināllikuma 329.panta. Aprakstošā daļa /pers. A/ būdams valsts amatpersona, kura brīdināta par ziņu neizpaušanu, izpauda neizpaužamas ziņas, kas nav valsts noslēpums, un konkrēti: /pers. A/, būdams valsts amatpersona saskaņā ar Krimināllikuma 316.panta pirmajā daļā noteikto valsts amatpersonas jēdzienu, jo pildot /darba vieta/ pienākumus bija persona, kura pastāvīgi izpilda valsts dienesta pienākumus un kuras dienesta pienākumos saskaņā ar amata aprakstu ir",4336,65d28c816c1562b084c2ee09b1673f97a816788bd99ec912c329e37bdbdf8cf4
KL329-MAP-020,unique,Anonimizets_nolemums_475401.pdf,"16870001820, SKK-124/2022",SKK-124/2022,ECLI:LV:AT:2022:0407.16870001820.9.L,2022.gada 7.aprīlī,Latvijas Republikas Senāts,Senāts / kasācijas instance,attaisnošana minēta; atcelts/nodots jaunai izskatīšanai; atstāts negrozīts,IT_CONVICTIONS,Ziņas par personas sodāmību,Kriminālprocesa ziņas; Krimināllietas materiāli/fototabulas; Fiziskas personas dati; Operatīvās darbības ziņas,Mutiska izpaušana klātienē,Telefonsaruna/zvans,Liecinieku liecības; Amata dokumenti/brīdinājumi; Operatīvās darbības pierādījumi; Video/foto fiksācija; SMS/čati; Informācijas režīma dokumenti,Tiesas/Tiesu administrācija/TIS; Prokuratūra/prokurori; Iekšlietu ministrijas Informācijas centrs/Sodu reģistrs; Pašvaldības/valsts pārvaldes citas iestādes; VID/Valsts ieņēmumu dienests,Sodu reģistrs/IMIC; Tiesu informācijas sistēma/TIS; Telefons/SMS; Publiskie avoti/Lursoft/internets,"Uzkūdīšanas pazīmju apstrīdēšana; Operatīvo pierādījumu pieļaujamība/samērīgums; Apelācijas/pirmās instances motivācijas trūkumi; Nav tieša nodoma/kļūda; Nebija izpaušanas, tikai apskate/piekļuve; Rīcība amata pienākumu/uzdevuma ietvaros; Informācija bija publiska/adresātam zināma","Rezultīvi argumenti: Procesuāls vai kvalifikācijas arguments bija nozīmīgs lietas tālākai virzībai | Noraidīti argumenti: Uzkūdīšanas pazīmju apstrīdēšana; Nav tieša nodoma/kļūda; Nebija izpaušanas, tikai apskate/piekļuve; Informācija bija publiska/adresātam zināma",DA_OPERATIVE_ADMISSIBILITY; DA_MOTIVATION; DA_LAWFUL_DUTY,DA_PUBLIC_INFO; DA_NO_DISCLOSURE; DA_NO_INTENT; DA_INSTIGATION,IT_CONVICTIONS; CH_ORAL; CH_PHONE; EV_WITNESSES; EV_DUTY_DOCS; EV_OPERATIVE; EV_VIDEO; EV_SMS_CHAT; EV_LEGAL_REGIME; INST_COURT; INST_PROSECUTION; INST_IC; INST_MUNICIPAL; INST_VID; SRC_SODU; SRC_TIS; SRC_PHONE; SRC_PUBLIC; DA_INSTIGATION; DA_OPERATIVE_ADMISSIBILITY; DA_MOTIVATION; DA_NO_INTENT; DA_NO_DISCLOSURE; DA_LAWFUL_DUTY; DA_PUBLIC_INFO,augsta,"Pārbaudīt operatīvo pierādījumu pieļaujamību, samērīgumu un nodošanas ķēdi.","ldību institūciju, valsts dienesta interešu apdraudējums nesasniedz tādu līmeni, lai atzītu, ka ir izdarīts noziedzīgs nodarījums. Turklāt jāņem vērā, ka informāciju par /pers. C/ sodāmībām aizstāve varēja iegūt, iepazīstoties ar krimināllietas materiāliem, kas jau bija kļuvuši par vispārpieejamu informāciju. Līdz ar to secināms, ka iztrūkst arī noziedzīgā nodarījuma sastāva objektīvā puse. [5.1.3] Apelācijas instances tiesa nav pamatojusi subjektīvās puses esību /pers. A/ darbībās. Krimināllikuma 329.pantā paredzētā nodarījuma subjektīvo pusi raksturo t ||  sameklēt uzraudzības lietu un iepazīties ar to papīra formātā vai izmantot digitālās iespējas un iepazīties ar apsūdzētā personas datiem Iekšlietu ministrijas Informācijas centra Sodu reģistra datu bāzē. Pēc iepazīšanās ar minēto informāciju /pers. B/ tika paziņots, ka, ievērojot likuma nosacījumus, /pers. C/ nevar noteikt brīvības atņemšanas sodu nosacīti. Kasācijas sūdzības autore nepiekrīt, ka viņas darbības ir prettiesiskas. Tiesa atzinumu par darbību prettiesiskumu nav pamatojusi ar likuma normām, bet gan ar norādi uz /pers. A/ un /pers. B/ draudzī || jumu. Uzkūdītā persona atšķirībā no uzkūdītāja pilnīgi vai daļēji realizē nodarījumu, uz kuru viņa tikusi uzkūdīta. Uzkūdīšanā lietoto līdzekļu un paņēmienu veidi var būt dažādi – mutiski, rakstiski, ar mīmikas, žestu vai draudu palīdzību, kā arī izmantojot fizisku ietekmēšanu u.tml. (Krastiņš U., Liholaja V. Krimināllikuma komentāri. Pirmā daļa (I-VIII2 nodaļa), trešais papildinātais izdevums. Rīga: Tiesu namu aģentūra, 2021, 106.-108.lpp.). Tiesību zinātniece M. Blūma, kura pētījusi līdzdalības jautājumus, skaidrojusi, ka uzkūdītājs pamudina vienu vai ",43207,66ececf633445a8a976df7dbfc1fd96b102b57a51dc517177cd2558803b414d9
KL329-MAP-021,unique,Anonimizets_nolemums_481430.pdf,12910000822,,ECLI:LV:RVPT:2022:0603.12910000822.2.S,2022.gada 3.jūnijā,"likuma normām, tiesa konstatēja :",Pirmā instance,notiesājošs / vainīgs,IT_TAXPAYER,Nodokļu maksātāju ziņas,"Robežkontroles, muitas un izceļošanas ziņas; Krimināllietas materiāli/fototabulas; Transportlīdzekļa īpašnieka/apskates dati; Kriminālprocesa ziņas",E-pasts,WhatsApp; Telefonsaruna/zvans,E-pasta pierādījumi; SMS/čati; Amata dokumenti/brīdinājumi; Informācijas režīma dokumenti; Video/foto fiksācija,VID/Valsts ieņēmumu dienests; Tiesas/Tiesu administrācija/TIS; Valsts robežsardze/muita; Prokuratūra/prokurori; Valsts policija,E-pasts; WhatsApp; Telefons/SMS,Rīcība amata pienākumu/uzdevuma ietvaros; Uzkūdīšanas pazīmju apstrīdēšana,Jāvērtē manuāli pēc pilna nolēmuma; automātiski nav skaidri identificēta tiesas reakcija uz aizstāvības argumentiem.,,,IT_TAXPAYER; CH_EMAIL; CH_WHATSAPP; CH_PHONE; EV_EMAIL; EV_SMS_CHAT; EV_DUTY_DOCS; EV_LEGAL_REGIME; EV_VIDEO; INST_VID; INST_COURT; INST_BORDER; INST_PROSECUTION; INST_POLICE; SRC_EMAIL; SRC_WHATSAPP; SRC_PHONE; DA_LAWFUL_DUTY; DA_INSTIGATION,augsta,"Īpaši pārbaudīt amata pienākumu, administratīvā procesa vai darba uzdevuma tiesisko pamatu.","Aprakstošā daļa /pers. B/ izpauda neizpaužamas ziņas, kas nav valsts noslēpums, būdams valsts amatpersona, kas par ziņu neizpaušanu bijis brīdināts, un konkrēti: /pers. B/, būdams Valsts ieņēmumu dienesta /amats A/, kas Krimināllikuma 316.panta pirmās daļas izpratnē un saskaņā ar likuma “Par interešu konflikta novēršanu valsts amatpersonas darbībā” 4.panta pirmās daļas 17.punktu ir valsts amatpersona, kuram atbilstoši šī paša likuma 19.panta noteikumiem aizliegts prettiesiski izpaust vai izmantot mērķiem, kas nav saistīti ar valsts amatpersonas amata pie ||  neizpaužamas ziņas, kas nav valsts noslēpums, šādos apstākļos: /pers. B/ 2020.gada 15.maijā ne vēlāk kā plkst.8.35, pildot Valsts ieņēmumu dienesta /amats A/ pienākumus, uz darba e-pastu /elektroniskā pasta adrese/ saņēma Valsts ieņēmumu dienesta darbinieka /pers. E/ e-pasta vēstuli par darba dienas plānotajiem uzdevumiem. Pēc kā 2020.gada 15.maijā plkst. 8.35 /pers. B/ sagatavoja e-pasta vēstuli, ko kopā ar no /pers. E/ saņemto e-pasta vēstuli no sava darba e-pasta nosūtīja Valsts ieņēmumu dienesta /amats B/ /pers. F/ uz viņa darba e-pastu. Pēc kā 2020 ||  neizpaužamas ziņas, kas nav valsts noslēpums, šādos apstākļos: /pers. B/ 2020.gada 15.maijā ne vēlāk kā plkst.8.35, pildot Valsts ieņēmumu dienesta /amats A/ pienākumus, uz darba e-pastu /elektroniskā pasta adrese/ saņēma Valsts ieņēmumu dienesta darbinieka /pers. E/ e-pasta vēstuli par darba dienas plānotajiem uzdevumiem. Pēc kā 2020.gada 15.maijā plkst. 8.35 /pers. B/ sagatavoja e-pasta vēstuli, ko kopā ar no /pers. E/ saņemto e-pasta vēstuli no sava darba e-pasta nosūtīja Valsts ieņēmumu dienesta /amats B/ /pers. F/ uz viņa darba e-pastu. Pēc kā 2020",19362,854da294206615d5c68c104bd63e80e59ab5d8bd6d4870a923b3ad93922ddeeb
KL329-MAP-022,unique,Anonimizets_nolemums_488965.pdf,"16870000620, SKK-587/2022",SKK-587/2022,ECLI:LV:AT:2022:1017.16870000620.7.L,2022.gada 17.oktobrī,Latvijas Republikas Senāts,Senāts: atteikums ierosināt kasāciju/lēmums,atteikts ierosināt kasāciju,IT_OTHER,Cits/nenoteikts,,,,Informācijas režīma dokumenti; Amata dokumenti/brīdinājumi,Tiesas/Tiesu administrācija/TIS; Pašvaldības/valsts pārvaldes citas iestādes,,Faktisko apstākļu atkārtota vērtēšana kasācijā; Apelācijas/pirmās instances motivācijas trūkumi,Rezultīvi argumenti: Procesuāls vai kvalifikācijas arguments bija nozīmīgs lietas tālākai virzībai | Noraidīti argumenti: Faktisko apstākļu atkārtota vērtēšana kasācijā,,DA_FACT_REEVAL,IT_OTHER; EV_LEGAL_REGIME; EV_DUTY_DOCS; INST_COURT; INST_MUNICIPAL; DA_FACT_REEVAL; DA_MOTIVATION,zema,Izpaušanas kanāls nav automātiski skaidri identificēts — nepieciešama manuāla pārbaude. Zema automātiskās klasifikācijas pārliecība; lieta jāpārskata manuāli.,"nolūkā panākt tā atcelšanu pilnībā vai kādā tā daļā vai arī tā grozīšanu juridisku iemeslu dēļ. Apsūdzētā /pers. A/ aizstāvis kasācijas sūdzībā norādījis, ka tiesa nav izvērtējusi Informācijas atklātības likuma 5.panta pirmās daļas vienu no obligātajiem kritērijiem, lai kādu informāciju saskaņā ar šo likuma normu atzītu par ierobežotas pieejamības informāciju, proti, tiesa nav konstatējusi, ka informācijas izpaušana vai nozaudēšana šīs informācijas rakstura un satura dēļ apgrūtina vai var apgrūtināt iestādes darbību, nodara vai var nodarīt kaitējumu pers",4391,98d258128671eb255ae1fdbb2ea845a6e34891b1f8c9e5a8d777f0704aff9ff2
KL329-MAP-023,unique,Anonimizets_nolemums_488999.pdf,,SKK- 147/2017,ECLI:LV:ZRT:2021:1220.16870000620.3.S,2021.gada 20.decembrī,Augstākā tiesa,Senāts / kasācijas instance,notiesājošs / vainīgs; atstāts negrozīts,IT_PRIVATE_LIFE,Ziņas par privāto dzīvi/laulību,Krimināllietas materiāli/fototabulas; Ziņas par personas sodāmību; Fiziskas personas dati; Transportlīdzekļa īpašnieka/apskates dati,E-pasts,Telefonsaruna/zvans; WhatsApp; SMS/īsziņas,E-pasta pierādījumi; Liecinieku liecības; SMS/čati; Amata dokumenti/brīdinājumi; IS auditācijas dati; Atzīšanās/paskaidrojumi; Informācijas režīma dokumenti,Tiesas/Tiesu administrācija/TIS; Pašvaldības/valsts pārvaldes citas iestādes; Valsts policija; KNAB; Iekšlietu ministrijas Informācijas centrs/Sodu reģistrs; Prokuratūra/prokurori; VID/Valsts ieņēmumu dienests; PMLP/Iedzīvotāju reģistrs,E-pasts; Telefons/SMS; WhatsApp; Sodu reģistrs/IMIC; PMLP Personu datu pārlūks/Iedzīvotāju reģistrs; Publiskie avoti/Lursoft/internets,"Rīcība amata pienākumu/uzdevuma ietvaros; Operatīvo pierādījumu pieļaujamība/samērīgums; Nebija izpaušanas, tikai apskate/piekļuve; Nav tieša nodoma/kļūda; Informācija bija publiska/adresātam zināma; Digitālo pierādījumu ķēde/ierīču pārbaude","Noraidīti argumenti: Nebija izpaušanas, tikai apskate/piekļuve; Nav tieša nodoma/kļūda; Informācija bija publiska/adresātam zināma",,DA_PUBLIC_INFO; DA_NO_DISCLOSURE; DA_NO_INTENT,IT_PRIVATE_LIFE; CH_EMAIL; CH_PHONE; CH_WHATSAPP; CH_SMS; EV_EMAIL; EV_WITNESSES; EV_SMS_CHAT; EV_DUTY_DOCS; EV_SYSTEM_LOGS; EV_CONFESSION; EV_LEGAL_REGIME; INST_COURT; INST_MUNICIPAL; INST_POLICE; INST_KNAB; INST_IC; INST_PROSECUTION; INST_VID; INST_PMLP; SRC_EMAIL; SRC_PHONE; SRC_WHATSAPP; SRC_SODU; SRC_PMLP; SRC_PUBLIC; DA_LAWFUL_DUTY; DA_OPERATIVE_ADMISSIBILITY; DA_NO_DISCLOSURE; DA_NO_INTENT; DA_PUBLIC_INFO; DA_DEVICE_CHAIN,augsta,"Pārbaudīt operatīvo pierādījumu pieļaujamību, samērīgumu un nodošanas ķēdi.","lietas 1.sējuma 289.lapa). Lieciniece /pers. G/ tiesas izmeklēšanā liecināja, ka /pers. G liecība/ Papildus nopratināta tiesas izmeklēšanā lieciniece /pers. G/ liecināja, ka viņas laulība šobrīd vēl nav šķirta. Lieciniecei ir divi e-pasti: /elektroniskā pasta adrese/ un /elektroniskā pasta adrese A/. Nav devusi atļauju vīram /pers. L/ piekļūt nedz viņas e-pasta sarakstei, nedz viņas mobilā telefona ierīcē esošajai korespondencei, to iegūt un kādam pārsūtīt. Nekad nav izpaudusi savu e-pastu piekļuves paroles, tās zinājusi tikai viņa pati. Mobilais telefon || ietā un vārdā lietot viņas e- pastu. Uzskata, ka viņam bija tiesības izmantot sievas e-pastu līdz brīdim, kad sieva pateica, lai viņš to vairs neizmanto un neinteresējas par viņas privāto dzīvi. To sieva pateikusi 2019.gada novembrī. Laikā, kad ieguvis informāciju no sievas e-pasta, abi dzīvojuši kopā un lietojuši vienu datoru. Iesniegt policijā iesniegumu bijusi /pers. V/ iniciatīva. /pers. L/ nav piekļuvis un nav lietojis /pers. G/ telefonu. Izdrukas ar informāciju par /pers. C/ atradušās /pers. G/ e-pastā. Pieļauj, ka /pers. G/ informāciju par /pers.  || sas izmeklēšanā liecināja, ka /pers. G liecība/ Papildus nopratināta tiesas izmeklēšanā lieciniece /pers. G/ liecināja, ka viņas laulība šobrīd vēl nav šķirta. Lieciniecei ir divi e-pasti: /elektroniskā pasta adrese/ un /elektroniskā pasta adrese A/. Nav devusi atļauju vīram /pers. L/ piekļūt nedz viņas e-pasta sarakstei, nedz viņas mobilā telefona ierīcē esošajai korespondencei, to iegūt un kādam pārsūtīt. Nekad nav izpaudusi savu e-pastu piekļuves paroles, tās zinājusi tikai viņa pati. Mobilais telefons bijis aizsargāts ar drošības figūru, ko nevienam ",83521,8c4a6737c6f2d1e044c515d401e0b61803ac171f543032ce72549cbe551bc110
KL329-MAP-024,unique,Anonimizets_nolemums_489863.pdf,"12910001422, K77-1920-22/68",,ECLI:LV:RPT:2022:1018.12910001422.2.S,2022.gada 18.oktobrī,Rīgas pilsētas tiesa,Pirmā instance,notiesājošs / vainīgs,IT_CASE_MATERIALS,Krimināllietas materiāli/fototabulas,Fiziskas personas dati,Telefonsaruna/zvans,SMS/īsziņas; E-pasts,Amata dokumenti/brīdinājumi; Informācijas režīma dokumenti; SMS/čati,Tiesas/Tiesu administrācija/TIS; Prokuratūra/prokurori,Telefons/SMS; Publiskie avoti/Lursoft/internets,Rīcība amata pienākumu/uzdevuma ietvaros; Informācija bija publiska/adresātam zināma,Jāvērtē manuāli pēc pilna nolēmuma; automātiski nav skaidri identificēta tiesas reakcija uz aizstāvības argumentiem.,,,IT_CASE_MATERIALS; CH_PHONE; CH_SMS; CH_EMAIL; EV_DUTY_DOCS; EV_LEGAL_REGIME; EV_SMS_CHAT; INST_COURT; INST_PROSECUTION; SRC_PHONE; SRC_PUBLIC; DA_LAWFUL_DUTY; DA_PUBLIC_INFO,zema,Zema automātiskās klasifikācijas pārliecība; lieta jāpārskata manuāli.,"10001422. Maksājuma apliecinošs dokuments par naudas soda samaksu nekavējoties jāiesniedz Rīgas pilsētas tiesā (Lomonosova ielā 10). Dokumentu – vienu CD-R disku, kas glabājas pie krimināllietas materiāliem – atstāt glabāties pie krimināllietas. Saīsinātais spriedums nav pārsūdzams. Procesa dalībnieki 10 dienu laikā no saīsinātā sprieduma pieejamības dienas var rakstveidā iesniegt tiesai lūgumu par pilna sprieduma sagatavošanu. Pilnu spriedumu 10 dienu laikā no tā pieejamības dienas var pārsūdzēt kasācijas kārtībā Augstākajā tiesā, iesniedzot kasācijas s || cijas izpaušanu tiks saukta pie likumā paredzētās atbildības, izpauda neizpaužamas ziņas, kas nav valsts noslēpums, šādos apstākļos. 2021.gada 10.janvārī ap plkst. 13.10 /pers. A/ telefoniski, no telefona numura /numurs/, sazinājās ar Personu Nr. 1, telefona numurs /numurs/. /pers. A/ zināja, ka Personas Nr. 1 amata pienākumu pildīšanas vajadzībām ir pieejama ierobežotas pieejamības informācija par /nosaukums/ rīkotajiem iepirkumiem. /pers. A/ nolēma izmantot savas draudzīgās attiecības ar Personu Nr. 1 un uzkūdīt viņu sniegt /pers. A/ neizpaužamas ziņas ||  nodarījumu izdarīšanu, kas paredzēti Krimināllikuma 20.panta trešajā daļā un 329.pantā. Aprakstošā daļa [1] /pers. A/ uzkūdīja valsts amatpersonu, kas par ziņu neizpaušanu bijusi brīdināta, izpaust neizpaužamas ziņas, kas nav valsts noslēpums, turpmāk norādītajos apstākļos. Pirmstiesas izmeklēšanā noskaidrota persona, pret kuru kriminālprocess sadalīts atsevišķā lietvedībā (turpmāk tekstā – Persona Nr. 1), būdama /nosaukums/ /amats/, kas saskaņā ar likuma “Par interešu konflikta novēršanu valsts amatpersonas darbībā” 4.panta pirmās daļas 17.punktu ir va",22092,0e7e82230b162909d69e0a937e2c3ffde5da9678e2fa74ea0f193c381d75d0ef
KL329-MAP-025,unique,Anonimizets_nolemums_492646.pdf,,SKK-535/2008,ECLI:LV:ZAT:2022:0606.11860007918.9.SSPRIEDUMS,2022.gada 6.jūnijā,Augstākā tiesa,Senāts / kasācijas instance,notiesājošs / vainīgs; attaisnošana minēta; atcelts/nodots jaunai izskatīšanai; atstāts negrozīts,IT_CASE_MATERIALS,Krimināllietas materiāli/fototabulas,Kriminālprocesa ziņas; Ziņas par personas sodāmību; Fiziskas personas dati; Transportlīdzekļa īpašnieka/apskates dati,Foto/failu nodošana,Telefonsaruna/zvans; Messenger/Facebook; Mutiska izpaušana klātienē,Liecinieku liecības; Video/foto fiksācija; Amata dokumenti/brīdinājumi; SMS/čati; IS auditācijas dati; Informācijas režīma dokumenti; Atzīšanās/paskaidrojumi; E-pasta pierādījumi,Tiesas/Tiesu administrācija/TIS; Prokuratūra/prokurori; VID/Valsts ieņēmumu dienests; Valsts policija; Pašvaldības/valsts pārvaldes citas iestādes,Telefons/SMS; Messenger/Facebook; Publiskie avoti/Lursoft/internets,Rīcība amata pienākumu/uzdevuma ietvaros; Operatīvo pierādījumu pieļaujamība/samērīgums; Informācija bija publiska/adresātam zināma; Apelācijas/pirmās instances motivācijas trūkumi,Noraidīti argumenti: Informācija bija publiska/adresātam zināma,,DA_PUBLIC_INFO,IT_CASE_MATERIALS; CH_PHOTO_FILE; CH_PHONE; CH_MESSENGER; CH_ORAL; EV_WITNESSES; EV_VIDEO; EV_DUTY_DOCS; EV_SMS_CHAT; EV_SYSTEM_LOGS; EV_LEGAL_REGIME; EV_CONFESSION; EV_EMAIL; INST_COURT; INST_PROSECUTION; INST_VID; INST_POLICE; INST_MUNICIPAL; SRC_PHONE; SRC_MESSENGER; SRC_PUBLIC; DA_LAWFUL_DUTY; DA_OPERATIVE_ADMISSIBILITY; DA_PUBLIC_INFO; DA_MOTIVATION,augsta,"Pārbaudīt operatīvo pierādījumu pieļaujamību, samērīgumu un nodošanas ķēdi.","evienam neredzot, /vieta/ telpās /pers. A/ piekļuvis kriminālprocesa Nr./numurs/ materiāliem un, izmantojot mobilo telefonu, uzņēmis divus fotoattēlus no kriminālprocesa materiālu fototabulas. /pers. A/, būdams valsts amatpersona, kura brīdināta par neizpaužamo ziņu izpaušanu, /datums/plkst.22.57, izmantojot /sociālo tīklu lietotne/ aplikāciju „Messenger”, nosūtījis divas fotogrāfijas no kriminālprocesa Nr./numurs/ fototabulas /pers. B/. /pers. A/ izpaudis informāciju, pārkāpjot likuma „Par policiju” 6.panta otro daļu, Kriminālprocesa likuma 375.panta pi || cēts būtisks apstāklis, kas veido viņam inkriminētā noziedzīgā nodarījuma objektīvo pusi. Uz norādīto trūkumu aizstāvības runā arī tika vērsta pirmās instances tiesas uzmanība, jo krimināllietas materiālos atrodas divi dokumenti, par 212.3.197.106 03.06.2026. 14:06 Anonīms sistēmas lietotājs kuriem varēja tikai izteikt varbūtību un par kuriem varēja tikai pieļaut, ka kādu no tiem apsūdzība uzskata par „brīdinājumu” Krimināllikuma 329.panta izpratnē: - saistību raksts, parakstīts /datums/(1.sējuma 81.lapa), - apliecinājums, parakstīts /datums/(1.sējuma 53 || umus, atradies /adrese/ /vieta/ telpās. Nevienam neredzot, /vieta/ telpās /pers. A/ piekļuvis kriminālprocesa Nr./numurs/ materiāliem un, izmantojot mobilo telefonu, uzņēmis divus fotoattēlus no kriminālprocesa materiālu fototabulas. /pers. A/, būdams valsts amatpersona, kura brīdināta par neizpaužamo ziņu izpaušanu, /datums/plkst.22.57, izmantojot /sociālo tīklu lietotne/ aplikāciju „Messenger”, nosūtījis divas fotogrāfijas no kriminālprocesa Nr./numurs/ fototabulas /pers. B/. /pers. A/ izpaudis informāciju, pārkāpjot likuma „Par policiju” 6.panta otro ",95383,7439e881ed8c4cf107cc27b909e70521f8e52e19db4554aa0fd7a16ddbec6fdf
KL329-MAP-026,unique,Anonimizets_nolemums_492796.pdf,"11860007918, SKK-576/2022",SKK-576/2022,ECLI:LV:AT:2022:1129.11860007918.10.L,2022.gada 29.novembrī,Latvijas Republikas Senāts,Senāts: atteikums ierosināt kasāciju/lēmums,atteikts ierosināt kasāciju,IT_CASE_MATERIALS,Krimināllietas materiāli/fototabulas,,Foto/failu nodošana,,Amata dokumenti/brīdinājumi; Liecinieku liecības,Tiesas/Tiesu administrācija/TIS,,,Jāvērtē manuāli pēc pilna nolēmuma; automātiski nav skaidri identificēta tiesas reakcija uz aizstāvības argumentiem.,,,IT_CASE_MATERIALS; CH_PHOTO_FILE; EV_DUTY_DOCS; EV_WITNESSES; INST_COURT,zema,Zema automātiskās klasifikācijas pārliecība; lieta jāpārskata manuāli.,"ma par ierobežotas pieejamības informāciju. Turklāt apelācijas instances tiesa atzinusi, ka apsūdzētais pilnībā izprata un apzinājās, ka fotogrāfijas, kuras nosūtīja /pers. B/, ir krimināllietas materiāli, kuru nosūtīšana kvalificējama kā neizpaužamu ziņu, kas nav valsts noslēpums, izpaušana. Savu atzinumu tiesa pamatojusi ar lietā iegūto pierādījumu izvērtējumu, tai skaitā ar liecinieku /pers. B/, /pers. C/, /pers. D/, /pers. E/, /pers. F/, /pers. G/ liecībām un ziņām par faktiem dienesta pārbaudes atzinumā. Senāts atzīst, ka aizstāvja S. Vārpiņa kasāci ||  nav norādīts, kad notikusi /pers. A/ brīdināšana par neizpaužamu ziņu, kas nav valsts noslēpums, izpaušanu. Turklāt lietā nav pierādījumu par to, ka /pers. A/ apzinājās pārsūtīto fotogrāfiju atbilstību Krimināllikuma 329.pantā paredzētā noziedzīgā nodarījuma priekšmetam. Apelācijas instances tiesa šos argumentus ir izvērtējusi un motivēti noraidījusi. Tiesa atzinusi, ka nav aizskartas apsūdzētā tiesības uz aizstāvību un celtā apsūdzība atbilst Kriminālprocesa likuma 405.panta prasībām. Atsaucoties uz Augstākās tiesas 2009.gada 21.oktobra lēmumu lietā SK || esta vajadzībām izpaušanu, nozaudēšanu un citiem šīs informācijas aizsardzības pasākumu pārkāpumiem tiks saukts pie disciplināratbildības vai kriminālatbildības. Ziņas par faktiem amata aprakstā, kuru saturs /pers. A/ bija zināms, apstiprina to, ka apsūdzētajam bija noteikts neizpaust viņa rīcībā nonākušo informāciju, kura saskaņā ar spēkā esošajiem normatīvajiem aktiem ir atzīstama par ierobežotas pieejamības informāciju. Turklāt apelācijas instances tiesa atzinusi, ka apsūdzētais pilnībā izprata un apzinājās, ka fotogrāfijas, kuras nosūtīja /pers. B/, ",5639,5a31f8dd0c3a7726b823f31b950f1b90c52bc6d80d0306b8ff0efbe2cd838220
KL329-MAP-027,unique,Anonimizets_nolemums_492806.pdf,"11860006116, SKK?313/2022",SKK-417/2014,ECLI:LV:AT:2022:1130.11860006116.4.L,2022.gada 30.novembrī,Latvijas Republikas Senāts,Senāts / kasācijas instance,atcelts/nodots jaunai izskatīšanai; atstāts negrozīts,IT_CONVICTIONS,Ziņas par personas sodāmību,Kriminālprocesa ziņas; Fiziskas personas dati,SMS/īsziņas,,Amata dokumenti/brīdinājumi; SMS/čati,Tiesas/Tiesu administrācija/TIS; Pašvaldības/valsts pārvaldes citas iestādes; VID/Valsts ieņēmumu dienests; Iekšlietu ministrijas Informācijas centrs/Sodu reģistrs,Telefons/SMS; Sodu reģistrs/IMIC,"Ziņas nav neizpaužamas/ierobežotas; Rīcība amata pienākumu/uzdevuma ietvaros; Operatīvo pierādījumu pieļaujamība/samērīgums; Nebija izpaušanas, tikai apskate/piekļuve; Nav tieša nodoma/kļūda; Faktisko apstākļu atkārtota vērtēšana kasācijā; Apelācijas/pirmās instances motivācijas trūkumi","Rezultīvi argumenti: Procesuāls vai kvalifikācijas arguments bija nozīmīgs lietas tālākai virzībai | Noraidīti argumenti: Ziņas nav neizpaužamas/ierobežotas; Nebija izpaušanas, tikai apskate/piekļuve; Nav tieša nodoma/kļūda; Faktisko apstākļu atkārtota vērtēšana kasācijā",DA_OPERATIVE_ADMISSIBILITY; DA_MOTIVATION; DA_LAWFUL_DUTY,DA_FACT_REEVAL; DA_NO_DISCLOSURE; DA_NOT_PROTECTED; DA_NO_INTENT,IT_CONVICTIONS; CH_SMS; EV_DUTY_DOCS; EV_SMS_CHAT; INST_COURT; INST_MUNICIPAL; INST_VID; INST_IC; SRC_PHONE; SRC_SODU; DA_NOT_PROTECTED; DA_LAWFUL_DUTY; DA_OPERATIVE_ADMISSIBILITY; DA_NO_DISCLOSURE; DA_NO_INTENT; DA_FACT_REEVAL; DA_MOTIVATION,augsta,"Pārbaudīt operatīvo pierādījumu pieļaujamību, samērīgumu un nodošanas ķēdi.","jo apsūdzētā darbībās nav inkriminētā noziedzīgā nodarījuma sastāva. Apsūdzētais nav izpaudis neizpaužamas ziņas, kuras nav valsts noslēpums, jo nosūtīto ziņu saturs par /pers. B/ sodāmībām neatbilst Iekšlietu ministrijas Informācijas centra informācijas sistēmā esošajām ziņām. Turklāt personai, kurai tika nosūtītas ziņas, informācija par /pers. B/ sodāmību un brīvības atņemšanas soda izciešanu jau iepriekš bija zināma. [4.2] Apelācijas instances tiesa, atzīstot, ka nav pamata Krimināllikuma 58.panta pirmās daļas un 59.panta trešās daļas nosacījumu piemē ||  daļa (XVIII?XXV nodaļa). Rīga: Tiesu namu aģentūra, 2016, 628.lpp.), kā arī izvērtējot lietā esošos pierādījumus to kopumā un savstarpējā sakarībā atzinusi, ka, lai arī /pers. A/ īsziņās neizmantoja juridisko valodu un nenorādīja konkrētus Krimināllikuma pantus, tomēr apsūdzētā izpaustās informācijas burtiskais teksts saturēja Iekšlietu ministrijas Informācijas centra informācijas sistēmā esošās ziņas par /pers. B/ sodāmībām. Tiesa atzinusi, ka šīs ziņas ir ierobežotas pieejamības informācija, par kuru izpaušanu neatkarīgi no to apjoma ir paredzēta krim || ā, tas ir, 2000 euro. [2] Ar pirmās instances tiesas spriedumu /pers. A/ atzīts par vainīgu un sodīts pēc Krimināllikuma 329.panta par to, ka, būdams valsts amatpersona, kas bijis brīdināts par ziņu neizpaušanu, izpauda neizpaužamas ziņas, kas nav valsts noslēpums. [3] Ar Latgales apgabaltiesas 2022.gada 18.janvāra spriedumu, iztiesājot lietu sakarā ar apsūdzētā /pers. A/ apelācijas sūdzību, Rēzeknes tiesas 2021.gada 13.septembra spriedums atcelts daļā par /pers. A/ noteikto sodu. /pers. A/ par Krimināllikuma 329.pantā paredzētā noziedzīgā nodarījuma izd",16580,9b92198f201afd6e9994a4a2fc40861173f7d4e69c4e96ab73e582f670082409
KL329-MAP-028,unique,Anonimizets_nolemums_492844.pdf,,SKK-147/2017,ECLI:LV:ZRT:2020:0916.11860007918.5.S,2020.gada 16.septembrī,Augstākā tiesa,Senāts / kasācijas instance,notiesājošs / vainīgs; atstāts negrozīts,IT_CASE_MATERIALS,Krimināllietas materiāli/fototabulas,Kriminālprocesa ziņas; Ziņas par personas sodāmību; Fiziskas personas dati; Transportlīdzekļa īpašnieka/apskates dati,Foto/failu nodošana,Telefonsaruna/zvans; Messenger/Facebook,Liecinieku liecības; Video/foto fiksācija; IS auditācijas dati; Amata dokumenti/brīdinājumi; SMS/čati; Atzīšanās/paskaidrojumi; Informācijas režīma dokumenti; E-pasta pierādījumi,Valsts policija; Tiesas/Tiesu administrācija/TIS; Prokuratūra/prokurori; Pašvaldības/valsts pārvaldes citas iestādes; VID/Valsts ieņēmumu dienests,Telefons/SMS; Messenger/Facebook; Publiskie avoti/Lursoft/internets,Operatīvo pierādījumu pieļaujamība/samērīgums; Rīcība amata pienākumu/uzdevuma ietvaros; Informācija bija publiska/adresātam zināma; Nav tieša nodoma/kļūda; Apelācijas/pirmās instances motivācijas trūkumi,Noraidīti argumenti: Informācija bija publiska/adresātam zināma; Nav tieša nodoma/kļūda,,DA_PUBLIC_INFO; DA_NO_INTENT,IT_CASE_MATERIALS; CH_PHOTO_FILE; CH_PHONE; CH_MESSENGER; EV_WITNESSES; EV_VIDEO; EV_SYSTEM_LOGS; EV_DUTY_DOCS; EV_SMS_CHAT; EV_CONFESSION; EV_LEGAL_REGIME; EV_EMAIL; INST_POLICE; INST_COURT; INST_PROSECUTION; INST_MUNICIPAL; INST_VID; SRC_PHONE; SRC_MESSENGER; SRC_PUBLIC; DA_OPERATIVE_ADMISSIBILITY; DA_LAWFUL_DUTY; DA_PUBLIC_INFO; DA_NO_INTENT; DA_MOTIVATION,augsta,"Pārbaudīt operatīvo pierādījumu pieļaujamību, samērīgumu un nodošanas ķēdi.","dežūrdaļas telpās, /pers. B/ piekļuva kriminālprocesa Nr./kriminālprocesa numurs/ materiāliem un, izmantojot mobilo telefonu, uzņēma divus fotoattēlus no kriminālprocesa materiālu fototabulas. /pers. B/, būdams valsts amatpersona, kura brīdināta par neizpaužamo ziņu izpaušanu, 2018.gada 25.martā plkst.22.57, izmantojot www.facebook.com aplikāciju „Messenger”, nosūtīja divas fotogrāfijas no kriminālprocesa Nr./kriminālprocesa numurs/ fototabulas /pers. C/. /pers. B/ izpauda informāciju, pārkāpjot likuma „Par policiju” 6.panta otro daļu, Kriminālprocesa li || ruļa sekojusi, lai notikuma vietai netuvotos cilvēki. Pēc tam braukuši uz iecirkni formēt materiālus. Eksperts uztaisījis fototabulu un iedevis viņam, to nonesis lejā, pievienojis krimināllietas materiāliem un ielicis mapītē. Konkrēto gadījumu atceras labi, jo tāds paliek ilgi atmiņā. Notikuma vietā strādājis kopā ar ekspertu /pers. F/ un izmeklētāju /pers. G/. No patruļpolicijas notikuma vietā bijis /pers. P/, bet otru policistu neatceras. Apsūdzētais notikuma vietā nav bijis, arī nododot maiņu /pers. B/ nav redzējis. Bez eksperta /pers. F/ fotofiksācij || ijas Rīgas reģiona pārvaldes /iecirknis/ dežūrdaļas telpās, /pers. B/ piekļuva kriminālprocesa Nr./kriminālprocesa numurs/ materiāliem un, izmantojot mobilo telefonu, uzņēma divus fotoattēlus no kriminālprocesa materiālu fototabulas. /pers. B/, būdams valsts amatpersona, kura brīdināta par neizpaužamo ziņu izpaušanu, 2018.gada 25.martā plkst.22.57, izmantojot www.facebook.com aplikāciju „Messenger”, nosūtīja divas fotogrāfijas no kriminālprocesa Nr./kriminālprocesa numurs/ fototabulas /pers. C/. /pers. B/ izpauda informāciju, pārkāpjot likuma „Par polici",90333,e8ff45d22c5691ed70e032ac08b810044726a1c6c89ce3b2785b90658e9ede66
KL329-MAP-029,unique,Anonimizets_nolemums_499095.pdf,11860006116,SKK-318/2015,ECLI:LV:LAAT:2023:0124.11860006116.5.S,2023.gada 24.janvārī,Latgales apgabaltiesa,Senāts / kasācijas instance,attaisnošana minēta; atcelts/nodots jaunai izskatīšanai; atstāts negrozīts,IT_CONVICTIONS,Ziņas par personas sodāmību,Kriminālprocesa ziņas; Krimināllietas materiāli/fototabulas; Fiziskas personas dati; Ziņas par privāto dzīvi/laulību,SMS/īsziņas,Telefonsaruna/zvans,Amata dokumenti/brīdinājumi; SMS/čati; Informācijas režīma dokumenti,Tiesas/Tiesu administrācija/TIS; Prokuratūra/prokurori; Valsts robežsardze/muita; Pašvaldības/valsts pārvaldes citas iestādes; VID/Valsts ieņēmumu dienests; Iekšlietu ministrijas Informācijas centrs/Sodu reģistrs; PMLP/Iedzīvotāju reģistrs,Telefons/SMS; Sodu reģistrs/IMIC; PMLP Personu datu pārlūks/Iedzīvotāju reģistrs,Rīcība amata pienākumu/uzdevuma ietvaros; Operatīvo pierādījumu pieļaujamība/samērīgums; Ziņas nav neizpaužamas/ierobežotas; Nav tieša nodoma/kļūda,Rezultīvi argumenti: Operatīvo pierādījumu pieļaujamības/samērīguma jautājums noveda pie atcelšanas vai atkārtotas izvērtēšanas; Amata pienākumu/tiesiskā mērķa arguments bija jāizvērtē atkārtoti | Noraidīti argumenti: Ziņas nav neizpaužamas/ierobežotas; Nav tieša nodoma/kļūda,DA_OPERATIVE_ADMISSIBILITY; DA_LAWFUL_DUTY,DA_NOT_PROTECTED; DA_NO_INTENT,IT_CONVICTIONS; CH_SMS; CH_PHONE; EV_DUTY_DOCS; EV_SMS_CHAT; EV_LEGAL_REGIME; INST_COURT; INST_PROSECUTION; INST_BORDER; INST_MUNICIPAL; INST_VID; INST_IC; INST_PMLP; SRC_PHONE; SRC_SODU; SRC_PMLP; DA_LAWFUL_DUTY; DA_OPERATIVE_ADMISSIBILITY; DA_NOT_PROTECTED; DA_NO_INTENT,augsta,"Pārbaudīt operatīvo pierādījumu pieļaujamību, samērīgumu un nodošanas ķēdi.","ilsonības un migrācijas lietu pārvaldes datu bāzes “Personu datu pārlūks”, ieguva pēc privātpersonas /pers. C/ lūguma pieprasītās ziņas par fiziskas personas – /pers. D/ kriminālo sodāmību (kas atbilstoši Informācijas atklātības likuma 5.pantam un Valsts robežsardzes 2016.gada 15.janvāra pavēlei Nr.70 ir ierobežotas pieejamības informācija). Pēc tam nekavējoties pulksten 11.43 iegūto informāciju bez tiesiska pamata nodeva /pers. C/, sūtot trīs īsziņas no sava mobilā telefona ar abonenta numura /numurs/ uz /pers. C/ mobilo telefonu ar abonentu numuru /num || 2016.gada 15.janvāra pavēlei Nr.70 ir ierobežotas pieejamības informācija). Pēc tam nekavējoties pulksten 11.43 iegūto informāciju bez tiesiska pamata nodeva /pers. C/, sūtot trīs īsziņas no sava mobilā telefona ar abonenta numura /numurs/ uz /pers. C/ mobilo telefonu ar abonentu numuru /numurs/, tādā veidā /pers. A/ apzināti radīja iespēju /pers. C/ iepazīties ar šo informāciju, kas ir ierobežotas pieejamības, ko /pers. C/ arī izdarīja. Ar minētajām darbībām /pers. A/, būdams valsts amatpersona, kura saskaņā ar likuma “Par interešu konflikta novēršanu v || ošā daļa [1] Ar Rēzeknes tiesas spriedumu /pers. A/ atzīts par vainīgu neizpaužamu ziņu, kas nav valsts noslēpums, izpaušanā, ko viņš izdarīja būdams valsts amatpersona, kura bija brīdināta par ziņu neizpaušanu, šādos apstākļos: /pers. A/, no 1995.gada 1.februāra būdams Valsts robežsardzes dienestā un no 2014.gada 8.septembra būdams Valsts robežsardzes /amats/, un, saskaņā ar likuma “Par interešu konflikta novēršanu valsts amatpersonu darbībā” 4.panta pirmās daļas 25.punktu, būdams valsts amatpersona, kuram atbilstoši minētā likuma 19.panta noteikumiem a",41382,1c5f1aad4efb5f43933e6f8de0c564cb56938f47eacdac78c4df41b0bc1eab84
KL329-MAP-030,unique,Anonimizets_nolemums_499244.pdf,"11860006116, sodītās personas vārdu, uzvārdu. Dokuments par naudas soda samaksu iesniedzams Rēzeknes tiesā.",SKK-147/2017,ECLI:LV:REZT:2021:0913.11860006116.1.S,2021.gada 13.septembrī,,Senāts / kasācijas instance,notiesājošs / vainīgs,IT_CONVICTIONS,Ziņas par personas sodāmību,Fiziskas personas dati; Transportlīdzekļa īpašnieka/apskates dati; Kriminālprocesa ziņas,SMS/īsziņas,Telefonsaruna/zvans,Amata dokumenti/brīdinājumi; SMS/čati; Liecinieku liecības; Informācijas režīma dokumenti,Tiesas/Tiesu administrācija/TIS; Pašvaldības/valsts pārvaldes citas iestādes; VID/Valsts ieņēmumu dienests; Prokuratūra/prokurori; PMLP/Iedzīvotāju reģistrs; Iekšlietu ministrijas Informācijas centrs/Sodu reģistrs,Telefons/SMS; Sodu reģistrs/IMIC; PMLP Personu datu pārlūks/Iedzīvotāju reģistrs,Rīcība amata pienākumu/uzdevuma ietvaros,Jāvērtē manuāli pēc pilna nolēmuma; automātiski nav skaidri identificēta tiesas reakcija uz aizstāvības argumentiem.,,,IT_CONVICTIONS; CH_SMS; CH_PHONE; EV_DUTY_DOCS; EV_SMS_CHAT; EV_WITNESSES; EV_LEGAL_REGIME; INST_COURT; INST_MUNICIPAL; INST_VID; INST_PROSECUTION; INST_PMLP; INST_IC; SRC_PHONE; SRC_SODU; SRC_PMLP; DA_LAWFUL_DUTY,augsta,,"ilsonības un migrācijas lietu pārvaldes datu bāzes “Personu datu pārlūks”, ieguva pēc privātpersonas /pers. D/ lūgumu pieprasītās ziņas par fiziskas personas - /pers. E/ kriminālo sodāmību (kas atbilstoši Informācijas atklātības likuma 5.pantam un /dienesta vieta/ /datums/pavēlei Nr./numurs/ ir ierobežotas pieejamības informācija), pēc tam nekavējoties plkst. 11.43 iegūto informāciju bez tiesiska pamata nodeva /pers. D/, sūtot trīs īsziņas no sava mobilā telefona ar abonenta numura /numurs/ uz /pers. D/ mobilo telefonu ar abonentu numuru /numurs/, tādā v || a vieta/ /datums/pavēlei Nr./numurs/ ir ierobežotas pieejamības informācija), pēc tam nekavējoties plkst. 11.43 iegūto informāciju bez tiesiska pamata nodeva /pers. D/, sūtot trīs īsziņas no sava mobilā telefona ar abonenta numura /numurs/ uz /pers. D/ mobilo telefonu ar abonentu numuru /numurs/, tādā veidā /pers. B/ apzināti radīja iespēju /pers. D/ iepazīties ar šo informāciju, kas ir ierobežotas pieejamības, ko /pers. D/ arī izdarīja. Ar minētajām darbībām /pers. B/, būdams valsts amatpersona, kura saskaņā ar likuma “Par interešu konflikta novēršanu v || īdz /datums/, no kura izriet, ka /datums/, laika posmā no plkst.11:31:32 līdz plkst.11:31:37 /pers. B/ ir pieprasījis informāciju par /pers. E/ (lietas 13., 14.lapa); Ar /pers. B/ Amata aprakstu, ar kuru viņš ir iepazinies /datums/(lietas 20.lapa); Ar /dienesta vieta/ /datums/pavēli Nr./numurs/, ar kuru /pers. B/ ir iecelts par /amata vieta/(pavēle stājas spēkā ar /datums/) (lietas 21.lapa); Ar /datums/Saistību rakstu, kurā /pers. B/, kā /amats/ apņemas, saskaņā ar Fizisko personu datu aizsardzības likumu, saglabāt un nelikumīgi neizpaust amata (darba) p",20516,dba002623647bac8897cabc3be6325911322a2adac80881172a626379aa4b024
KL329-MAP-031,unique,Anonimizets_nolemums_499245.pdf,11860006116,SKK- 147/2017,ECLI:LV:LAAT:2022:0118.11860006116.3.S,2022.gada 18.janvārī,Latgales apgabaltiesas,Senāts / kasācijas instance,attaisnošana minēta; atcelts/nodots jaunai izskatīšanai; atstāts negrozīts,IT_CONVICTIONS,Ziņas par personas sodāmību,Krimināllietas materiāli/fototabulas; Transportlīdzekļa īpašnieka/apskates dati; Fiziskas personas dati; Kriminālprocesa ziņas,SMS/īsziņas,Telefonsaruna/zvans,SMS/čati; Amata dokumenti/brīdinājumi; Liecinieku liecības; Informācijas režīma dokumenti; Telefonsarunas un zvanu izdrukas,Tiesas/Tiesu administrācija/TIS; Valsts robežsardze/muita; Pašvaldības/valsts pārvaldes citas iestādes; Prokuratūra/prokurori; Iekšlietu ministrijas Informācijas centrs/Sodu reģistrs; VID/Valsts ieņēmumu dienests; PMLP/Iedzīvotāju reģistrs,Telefons/SMS; Sodu reģistrs/IMIC; PMLP Personu datu pārlūks/Iedzīvotāju reģistrs; Publiskie avoti/Lursoft/internets,"Rīcība amata pienākumu/uzdevuma ietvaros; Nebija izpaušanas, tikai apskate/piekļuve; Apelācijas/pirmās instances motivācijas trūkumi; Informācija bija publiska/adresātam zināma; Ziņas nav neizpaužamas/ierobežotas; Uzkūdīšanas pazīmju apstrīdēšana; Operatīvo pierādījumu pieļaujamība/samērīgums; Nav tieša nodoma/kļūda","Rezultīvi argumenti: Procesuāls vai kvalifikācijas arguments bija nozīmīgs lietas tālākai virzībai | Noraidīti argumenti: Nebija izpaušanas, tikai apskate/piekļuve; Informācija bija publiska/adresātam zināma; Ziņas nav neizpaužamas/ierobežotas; Uzkūdīšanas pazīmju apstrīdēšana; Nav tieša nodoma/kļūda",,DA_PUBLIC_INFO; DA_NO_DISCLOSURE; DA_NOT_PROTECTED; DA_NO_INTENT; DA_INSTIGATION,IT_CONVICTIONS; CH_SMS; CH_PHONE; EV_SMS_CHAT; EV_DUTY_DOCS; EV_WITNESSES; EV_LEGAL_REGIME; EV_PHONE_CALLS; INST_COURT; INST_BORDER; INST_MUNICIPAL; INST_PROSECUTION; INST_IC; INST_VID; INST_PMLP; SRC_PHONE; SRC_SODU; SRC_PMLP; SRC_PUBLIC; DA_LAWFUL_DUTY; DA_NO_DISCLOSURE; DA_MOTIVATION; DA_PUBLIC_INFO; DA_NOT_PROTECTED; DA_INSTIGATION; DA_OPERATIVE_ADMISSIBILITY; DA_NO_INTENT,augsta,"Pārbaudīt operatīvo pierādījumu pieļaujamību, samērīgumu un nodošanas ķēdi.","ilsonības un migrācijas lietu pārvaldes datu bāzes “Personu datu pārlūks”, ieguva pēc privātpersonas /pers. B/ lūguma pieprasītās ziņas par fiziskas personas - /pers. C/ kriminālo sodāmību (kas atbilstoši Informācijas atklātības likuma 5.pantam un Valsts robežsardzes 2016.gada 15.janvāra pavēlei Nr.70 ir ierobežotas pieejamības informācija), pēc tam nekavējoties plkst.11.43 iegūto informāciju bez tiesiska pamata nodeva /pers. B/, sūtot trīs īsziņas no sava mobilā telefona ar abonenta numura /numurs/uz /pers. B/ mobilo telefonu ar abonentu numuru /numurs/ || es 2016.gada 15.janvāra pavēlei Nr.70 ir ierobežotas pieejamības informācija), pēc tam nekavējoties plkst.11.43 iegūto informāciju bez tiesiska pamata nodeva /pers. B/, sūtot trīs īsziņas no sava mobilā telefona ar abonenta numura /numurs/uz /pers. B/ mobilo telefonu ar abonentu numuru /numurs/, tādā veidā /pers. A/ apzināti radīja iespēju /pers. B/ iepazīties ar šo informāciju, kas ir ierobežotas pieejamības, ko /pers. B/ arī izdarīja. Ar minētajām darbībām /pers. A/, būdams valsts amatpersona, kura saskaņā ar likuma “Par interešu konflikta novēršanu va || es 2016.gada 15.janvāra pavēlei Nr.70 ir ierobežotas pieejamības informācija), pēc tam nekavējoties plkst.11.43 iegūto informāciju bez tiesiska pamata nodeva /pers. B/, sūtot trīs īsziņas no sava mobilā telefona ar abonenta numura /numurs/uz /pers. B/ mobilo telefonu ar abonentu numuru /numurs/, tādā veidā /pers. A/ apzināti radīja iespēju /pers. B/ iepazīties ar šo informāciju, kas ir ierobežotas pieejamības, ko /pers. B/ arī izdarīja. Ar minētajām darbībām /pers. A/, būdams valsts amatpersona, kura saskaņā ar likuma “Par interešu konflikta novēršanu va",58577,8ae1d8b0137abd0dc92436b1e9e5fe79cae0ffa6f36d3d473f60b93a2bd8f632
KL329-MAP-032,unique,Anonimizets_nolemums_499986.pdf,,,ECLI:LV:RPT:2023:0208.11860004721.4.S,2023. gada 8. februārī,"Rīgas pilsētas tiesa,",Pirmā instance,atcelts/nodots jaunai izskatīšanai,IT_PERSONAL_DATA,Fiziskas personas dati,Krimināllietas materiāli/fototabulas; Transportlīdzekļa īpašnieka/apskates dati; Kriminālprocesa ziņas,Telefonsaruna/zvans,,Amata dokumenti/brīdinājumi; Informācijas režīma dokumenti,Tiesas/Tiesu administrācija/TIS; Valsts policija; Prokuratūra/prokurori; VID/Valsts ieņēmumu dienests; CSDD,Telefons/SMS; CSDD ārējā sistēma,Rīcība amata pienākumu/uzdevuma ietvaros; Uzkūdīšanas pazīmju apstrīdēšana,Jāvērtē manuāli pēc pilna nolēmuma; automātiski nav skaidri identificēta tiesas reakcija uz aizstāvības argumentiem.,,,IT_PERSONAL_DATA; CH_PHONE; EV_DUTY_DOCS; EV_LEGAL_REGIME; INST_COURT; INST_POLICE; INST_PROSECUTION; INST_VID; INST_CSDD; SRC_PHONE; SRC_CSDD; DA_LAWFUL_DUTY; DA_INSTIGATION,vidēja,," amatpersona tika brīdināts par neizpaužamu ziņu neizpaušanu un ziņu atbildīgu glabāšanu. 2019. gada 8. novembrī /pers. A/ uz tālruņa numuru /numurs/ no tālruņa numura /numurs/ piezvanīja pirmstiesas izmeklēšanā noskaidrota persona un palūdza iegūt ziņas par automašīnas, valsts reģistrācijas numurs /reģistrācijas numurs/, īpašnieces dzīvesvietas adresi. /pers. A/, apzinoties savu darbību prettiesisko raksturu, ar mērķi iegūt pirmstiesas izmeklēšanā noskaidrotās personas interesēs prasītās ziņas, pretēji dienesta interesēm, 2019. gada 8. novembrī vērsās a || nāllietu /pers. A/, personas kods /personas kods/, apsūdzībā pēc Krimināllikuma 329. panta. Aprakstošā daļa [1] /pers. A/, būdams valsts amatpersona, kas par ziņu neizpaušanu bija brīdināta un kas saskaņā ar likumu ir atbildīga par ziņu glabāšanu, izdarīja neizpaužamu ziņu, kas nav valsts noslēpums, izpaušanu, šādos apstākļos. Valsts policijas /nodaļas nosaukums/ inspektors /pers. A/, kā valsts amatpersona, kurai saskaņā ar likuma “Par interešu konflikta novēršanu valsts amatpersonu darbībā” 19. pantu, informāciju, kas pieejama saskaņā ar valsts amatpers",7095,b5cff9276792614747b89e836a7c98e532ab727902eef691eec8ff53fe4b61c4
KL329-MAP-033,unique,Anonimizets_nolemums_503861.pdf,,,ECLI:LV:RPT:2023:0320.11840003622.2.S,2023. gada 20. martā,Rīgas pilsētas tiesa,Pirmā instance,atstāts negrozīts,IT_TAXPAYER,Nodokļu maksātāju ziņas,"Transportlīdzekļa īpašnieka/apskates dati; Fiziskas personas dati; Robežkontroles, muitas un izceļošanas ziņas; Kriminālprocesa ziņas",Telefonsaruna/zvans,,Amata dokumenti/brīdinājumi; Informācijas režīma dokumenti; IS auditācijas dati,VID/Valsts ieņēmumu dienests; Tiesas/Tiesu administrācija/TIS; Prokuratūra/prokurori; CSDD; Valsts robežsardze/muita,Telefons/SMS; CSDD ārējā sistēma; VID sistēmas/NIS/EDS,Rīcība amata pienākumu/uzdevuma ietvaros; Uzkūdīšanas pazīmju apstrīdēšana,Jāvērtē manuāli pēc pilna nolēmuma; automātiski nav skaidri identificēta tiesas reakcija uz aizstāvības argumentiem.,,,IT_TAXPAYER; CH_PHONE; EV_DUTY_DOCS; EV_LEGAL_REGIME; EV_SYSTEM_LOGS; INST_VID; INST_COURT; INST_PROSECUTION; INST_CSDD; INST_BORDER; SRC_PHONE; SRC_CSDD; SRC_VID_NIS; DA_LAWFUL_DUTY; DA_INSTIGATION,augsta,"Īpaši pārbaudīt amata pienākumu, administratīvā procesa vai darba uzdevuma tiesisko pamatu."," piešķirtos piekļuves rekvizītus (lietotājvārdu un paroli), autorizējās Valsts ieņēmumu dienesta Nodokļu informācijas sistēmā (NIS) pēc kā, veicot tajā meklēšanu, ieguva ziņas par nodokļu maksātāja /pers. B/ identificējošiem datiem un dzīvesvietas adresi. Minēto ierobežotas pieejamības informāciju, kas nav valsts noslēpums /pers. A/ no datorā atvērtās informācijas sistēmas nofotografēja un /datums/laika posmā no plkst. 13.08 līdz plkst. 13.10 ar mobilo telefonu fotouzņēmuma veidā nosūtīja pirmstiesas izmeklēšanā noskaidrotajai personai. Tādā veidā /pers. ||  kas par ziņu neizpaušanu bija brīdināta un kas saskaņā ar likumu ir atbildīga par ziņu glabāšanu, izdarīja neizpaužamu ziņu, kas nav valsts noslēpums, izpaušanu, šādos apstākļos. Valsts ieņēmumu dienesta /struktūrvienība/ /amats/ /pers. A/, būdams valsts amatpersona, kurai saskaņā ar likuma “Par interešu konflikta novēršanu valsts amatpersonu darbībā” 19. pantu un likuma “Par Valsts ieņēmumu dienestu” 21. pantu, ir aizliegts informāciju, kas pieejama saskaņā ar valsts amatpersonas amata pienākumu pildīšanu, prettiesiski izpaust vai izmantot to mērķiem,  || slēpums /pers. A/ no informācijas sistēmas iekopēja datorā “Word” failā, pēc kā nofotografējot tajā redzamās ziņas, /datums/laika posmā no plkst. 13.04 līdz plkst. 13.16 ar mobilo telefonu trīs fotouzņēmumu veidā nosūtīja pirmstiesas izmeklēšanā noskaidrotajai personai. Tādā veidā /pers. A/ apzināti izpauda pirmstiesas izmeklēšanā noskaidrotajai personai informāciju, kas saskaņā ar Informācijas atklātības likuma 5. panta pirmo daļu un otrās daļas 1. punktu un 4. punktu ir atzīstama par ierobežotas pieejamības informāciju. Tādējādi /pers. A/ izdarīja Krim",184554,fe83ebf747cdb49ec95a6d51ebbf06c46519fab6bd9b413a57b02b74e6b431e1
KL329-MAP-034,unique,Anonimizets_nolemums_508102.pdf,,SKK-306/2014,ECLI:LV:RPT:2023:0116.11514002317.5.S,2023.gada 16.janvārī,Rīgas pilsētas tiesa,Senāts / kasācijas instance,notiesājošs / vainīgs,IT_CASE_MATERIALS,Krimināllietas materiāli/fototabulas,Ziņas par privāto dzīvi/laulību; Ziņas par personas sodāmību; Fiziskas personas dati; Kriminālprocesa ziņas,Telefonsaruna/zvans,Foto/failu nodošana; WhatsApp; Mutiska izpaušana klātienē,Liecinieku liecības; SMS/čati; Amata dokumenti/brīdinājumi; Informācijas režīma dokumenti; E-pasta pierādījumi; Atzīšanās/paskaidrojumi; IS auditācijas dati; Telefonsarunas un zvanu izdrukas,Tiesas/Tiesu administrācija/TIS; VID/Valsts ieņēmumu dienests; Valsts policija; Pašvaldības/valsts pārvaldes citas iestādes; Prokuratūra/prokurori,Telefons/SMS; WhatsApp; E-pasts; Publiskie avoti/Lursoft/internets; Messenger/Facebook,Rīcība amata pienākumu/uzdevuma ietvaros; Informācija bija publiska/adresātam zināma; Uzkūdīšanas pazīmju apstrīdēšana; Operatīvo pierādījumu pieļaujamība/samērīgums; Nav tieša nodoma/kļūda,Noraidīti argumenti: Informācija bija publiska/adresātam zināma; Uzkūdīšanas pazīmju apstrīdēšana; Nav tieša nodoma/kļūda,,DA_PUBLIC_INFO; DA_NO_INTENT; DA_INSTIGATION,IT_CASE_MATERIALS; CH_PHONE; CH_PHOTO_FILE; CH_WHATSAPP; CH_ORAL; EV_WITNESSES; EV_SMS_CHAT; EV_DUTY_DOCS; EV_LEGAL_REGIME; EV_EMAIL; EV_CONFESSION; EV_SYSTEM_LOGS; EV_PHONE_CALLS; INST_COURT; INST_VID; INST_POLICE; INST_MUNICIPAL; INST_PROSECUTION; SRC_PHONE; SRC_WHATSAPP; SRC_EMAIL; SRC_PUBLIC; SRC_MESSENGER; DA_LAWFUL_DUTY; DA_PUBLIC_INFO; DA_INSTIGATION; DA_OPERATIVE_ADMISSIBILITY; DA_NO_INTENT,augsta,"Pārbaudīt operatīvo pierādījumu pieļaujamību, samērīgumu un nodošanas ķēdi.","ek viņiem pašiem, ja būs kāda nepieciešamība, lai varētu sniegt atbildes. To atļauj metode. Viņa neatbild par to, lai lietā būtu materiāli ar pierādījumu. Metode atļauj neizsniegt fototabulas. Eksperta slēdzienā viņa visu uzrakstīja un pazīmes pierakstīja. Lieciniece/pers. BL/ tiesas sēdē liecināja, ka strādā /nosaukums X/vidusskolā. Pie eksāmena izveides sāka strādāt jau gada sākumā, līdz pavasarim. Veidojot eksāmenus, viņi noslēdz līgumu, kurā ir atrunāts nodošanas termiņš, kvalitāte un par konfidencialitāti, ka viņi neizpauž darba rezultātus. Nenes ār || ija formāla, jo, lai arī viņa Līgumu parakstīja, viņa pat to neizlasīja, un otrs Līguma eksemplārs izsniegts netika. Līguma tekstu izlasīja tikai tad, kad viņai tika dota piekļuve krimināllietas materiāliem. Tad arī izlasīja, ka Līguma 4.1.punktā ir teikts, ka viņa līdz ar Līguma parakstīšanu apliecina, ka ir iepazinusies ar /datums/ noteikumiem ""Valsts pārbaudes darba satura sagatavošanas kārtība"". Patiesībā viņa šos noteikumus rakstveidā pirmo reizi ieraudzīja tikai krimināllietas materiālos. Kategoriski noliedz, ka ar šiem noteikumiem būtu iepazinusie || anā sniegtās liecības uzturēja. Tiesas sēdē lieciniecei uzrādītas iepriekš nolasītās 2017.gada 29.maija liecības, un lieciniece liecināja, ka liecības viņa rakstīja pašrocīgi. Pēc fotoattēla uzrādīšanas lieciniecei (1.sēj., l.l. 125.) liecināja, ka neatceras vairs, vai tā ir tā zīmīte, bet atceras, ka viņai toreiz lika paskatīties telefonā un tur tā bija, un viņa šo bildi nodeva policijai. Bilde atradās foto galerijā, kuru pārsūtīja policijas darbiniekam uz WhatsApp aplikāciju. Tam, kas ar zīmuli rakstīts, nepievērsa uzmanību. Eksāmenu nekārtoja, tāpēc t",120459,eab8e978493173f5e19afaeb31476556fe6c62eb4a19a6055628c0824d877f56
KL329-MAP-035,unique,Anonimizets_nolemums_510320.pdf,"15830013015, SKK-28/2023",SKK-28/2023,ECLI:LV:AT:2023:0630.15830013015.6.L,2023. gada 30. jūnijā,Latvijas Republikas Senāts,Senāts / kasācijas instance,,IT_TAXPAYER,Nodokļu maksātāju ziņas,"Krimināllietas materiāli/fototabulas; Robežkontroles, muitas un izceļošanas ziņas; Kriminālprocesa ziņas; Fiziskas personas dati",E-pasts,,E-pasta pierādījumi; Amata dokumenti/brīdinājumi; SMS/čati; Informācijas režīma dokumenti,Tiesas/Tiesu administrācija/TIS; VID/Valsts ieņēmumu dienests; Valsts robežsardze/muita; Pašvaldības/valsts pārvaldes citas iestādes; Prokuratūra/prokurori,E-pasts,"Apelācijas/pirmās instances motivācijas trūkumi; Rīcība amata pienākumu/uzdevuma ietvaros; Ziņas nav neizpaužamas/ierobežotas; Nebija izpaušanas, tikai apskate/piekļuve; Nav tieša nodoma/kļūda","Rezultīvi argumenti: Procesuāls vai kvalifikācijas arguments bija nozīmīgs lietas tālākai virzībai | Noraidīti argumenti: Ziņas nav neizpaužamas/ierobežotas; Nebija izpaušanas, tikai apskate/piekļuve; Nav tieša nodoma/kļūda",DA_MOTIVATION; DA_LAWFUL_DUTY,DA_NO_DISCLOSURE; DA_NOT_PROTECTED; DA_NO_INTENT,IT_TAXPAYER; CH_EMAIL; EV_EMAIL; EV_DUTY_DOCS; EV_SMS_CHAT; EV_LEGAL_REGIME; INST_COURT; INST_VID; INST_BORDER; INST_MUNICIPAL; INST_PROSECUTION; SRC_EMAIL; DA_MOTIVATION; DA_LAWFUL_DUTY; DA_NOT_PROTECTED; DA_NO_DISCLOSURE; DA_NO_INTENT,augsta,"Īpaši pārbaudīt amata pienākumu, administratīvā procesa vai darba uzdevuma tiesisko pamatu.","s instances tiesas secinātais, ka SIA „Parex Brokeru Sistēma” vēstulei Nr. 53-BS/150 un Atzinumam bija noteikts izplatīšanas aizliegums, un šos dokumentus varēja izmantot tikai ar nodokļu maksātāja piekrišanu. No pirmās instances tiesā aizstāvības iesniegtā Valsts ieņēmumu dienesta (turpmāk – VID) Muitas pārvaldes darbinieces sagatavotā 2015. gada 12. janvāra pieprasījuma Nr. 27.20.2/4225 konstatējams, ka VID lietvedībā atradās administratīvā lieta. Savukārt saskaņā ar Administratīvā procesa likuma 76. panta trešo daļu administratīvā akta apstrīdēšana ir || BS/150 un Atzinumam bija noteikts izplatīšanas aizliegums, un šos dokumentus varēja izmantot tikai ar nodokļu maksātāja piekrišanu. No pirmās instances tiesā aizstāvības iesniegtā Valsts ieņēmumu dienesta (turpmāk – VID) Muitas pārvaldes darbinieces sagatavotā 2015. gada 12. janvāra pieprasījuma Nr. 27.20.2/4225 konstatējams, ka VID lietvedībā atradās administratīvā lieta. Savukārt saskaņā ar Administratīvā procesa likuma 76. panta trešo daļu administratīvā akta apstrīdēšana ir sākotnējās administratīvās lietas turpinājums, kas izskatāmajā gadījumā ir ad || s tiesā aizstāvības iesniegtā Valsts ieņēmumu dienesta (turpmāk – VID) Muitas pārvaldes darbinieces sagatavotā 2015. gada 12. janvāra pieprasījuma Nr. 27.20.2/4225 konstatējams, ka VID lietvedībā atradās administratīvā lieta. Savukārt saskaņā ar Administratīvā procesa likuma 76. panta trešo daļu administratīvā akta apstrīdēšana ir sākotnējās administratīvās lietas turpinājums, kas izskatāmajā gadījumā ir administratīvās lietas turpinājums par VID Muitas pārvaldes direktora vietnieka 2014. gada 24. oktobra lēmumu. Savukārt apelācijas instances tiesa, to n",25220,1cd79065cfbbe934e3af1b4e562e6f5facd0ed34f82151f7d759c145d14b2585
KL329-MAP-036,unique,Anonimizets_nolemums_529763 (1).pdf,,,ECLI:LV:RAT:2024:0221.15830013015.7.S,2024. gada 21. februārī,"tiesas sēdes priekšsēdētājs tiesnesis Jānis Tiltiņš,",Apelācijas instance/apgabaltiesa,attaisnošana minēta; atcelts/nodots jaunai izskatīšanai; atstāts negrozīts,IT_TAXPAYER,Nodokļu maksātāju ziņas,"Robežkontroles, muitas un izceļošanas ziņas; Krimināllietas materiāli/fototabulas; Ziņas par privāto dzīvi/laulību; Fiziskas personas dati",E-pasts,Telefonsaruna/zvans,E-pasta pierādījumi; Liecinieku liecības; Amata dokumenti/brīdinājumi; Informācijas režīma dokumenti; SMS/čati; Telefonsarunas un zvanu izdrukas; IS funkcionalitātes/speciālista skaidrojums,VID/Valsts ieņēmumu dienests; Valsts robežsardze/muita; Tiesas/Tiesu administrācija/TIS; Pašvaldības/valsts pārvaldes citas iestādes; Prokuratūra/prokurori; Valsts policija,E-pasts; Telefons/SMS,"Rīcība amata pienākumu/uzdevuma ietvaros; Uzkūdīšanas pazīmju apstrīdēšana; Nebija izpaušanas, tikai apskate/piekļuve; Nav tieša nodoma/kļūda; Operatīvo pierādījumu pieļaujamība/samērīgums","Noraidīti argumenti: Uzkūdīšanas pazīmju apstrīdēšana; Nebija izpaušanas, tikai apskate/piekļuve; Nav tieša nodoma/kļūda",DA_OPERATIVE_ADMISSIBILITY; DA_LAWFUL_DUTY,DA_NO_DISCLOSURE; DA_NO_INTENT; DA_INSTIGATION,IT_TAXPAYER; CH_EMAIL; CH_PHONE; EV_EMAIL; EV_WITNESSES; EV_DUTY_DOCS; EV_LEGAL_REGIME; EV_SMS_CHAT; EV_PHONE_CALLS; EV_SYSTEM_FUNCTION; INST_VID; INST_BORDER; INST_COURT; INST_MUNICIPAL; INST_PROSECUTION; INST_POLICE; SRC_EMAIL; SRC_PHONE; DA_LAWFUL_DUTY; DA_INSTIGATION; DA_NO_DISCLOSURE; DA_NO_INTENT; DA_OPERATIVE_ADMISSIBILITY,augsta,"Pārbaudīt operatīvo pierādījumu pieļaujamību, samērīgumu un nodošanas ķēdi. Īpaši pārbaudīt amata pienākumu, administratīvā procesa vai darba uzdevuma tiesisko pamatu.","ienestu” 21. panta pārkāpumu, kas noteic, ka Valsts ieņēmumu dienesta ierēdnim un darbiniekam aizliegts, izņemot likumā “Par nodokļiem un nodevām” paredzētos gadījumos izpaust par nodokļu maksātāju jebkādu informāciju, kas ierēdnim vai darbiniekam kļuvusi zināma, pildot dienesta pienākumus. Saskaņā ar likuma “Par nodokļiem un nodevām” 22. pantu konkrētais gadījums neatbilst nevienam no izņēmuma gadījumiem, kad /pers. K/ likumīgi būtu varējis nosūtīt minēto informāciju /pers. A/ bez nodokļu maksātāja piekrišanas. Ar šādām darbībām tika pārkāpts Valsts ieņ || ka posmā no 2010. gada 6. janvāra līdz 2016. gada 29. februārim, būdams valsts amatpersona Krimināllikuma 316. panta izpratnē, pildīja/amata nosaukums/ amata pienākumus saskaņā ar Valsts ieņēmumu dienesta 2014. gada 26. februāra rīkojumu Nr. 24-a apstiprināto amata aprakstu un 2014. gada 25. jūlijā sniegtu apliecinājumu par apņemšanos prettiesiski neizpaust ierobežotas pieejamības informāciju, kas tiks uzticēta vai kļūs zināma, pildot darba vai dienesta pienākumus, precīzi izpildīt ar ierobežotas pieejamības informācijas aizsardzību saistīto normatīvo ak || ta vēstules /pers. A/ un /pers. G/, kurām pievienots Valsts ieņēmumu dienesta 2015. gada 5. oktobra vēstules projekts Finanšu ministrijai. Ar savām darbībām /pers. K/ esot pārkāpis VID 19.11.2014. rīkojuma Nr. 1926 1. punktu, kas nosaka, ka VID dokumentu projekti ir ierobežotas pieejamības informācija. Ar spriedumu lietā /pers. K/ atzīts par vainīgu nevis par e-pasta vēstules, kurai pievienots Valsts ieņēmumu dienesta 2015. gada 5. oktobra vēstules projekts Finanšu ministrijai, nosūtīšanu tieši Starptautisko ekonomisko sakaru un muitas institūta direktor",65208,3ee4bccf6bbe07ec094ebce403146a06f73820574d17f6c225188d3cc9d443ab
KL329-MAP-037,unique,Anonimizets_nolemums_529763.pdf,,,ECLI:LV:RAT:2024:0221.15830013015.7.S,2024. gada 21. februārī,"tiesas sēdes priekšsēdētājs tiesnesis Jānis Tiltiņš,",Apelācijas instance/apgabaltiesa,attaisnošana minēta; atcelts/nodots jaunai izskatīšanai; atstāts negrozīts,IT_TAXPAYER,Nodokļu maksātāju ziņas,"Robežkontroles, muitas un izceļošanas ziņas; Krimināllietas materiāli/fototabulas; Ziņas par privāto dzīvi/laulību; Fiziskas personas dati",E-pasts,Telefonsaruna/zvans,E-pasta pierādījumi; Liecinieku liecības; Amata dokumenti/brīdinājumi; Informācijas režīma dokumenti; SMS/čati; Telefonsarunas un zvanu izdrukas; IS funkcionalitātes/speciālista skaidrojums,VID/Valsts ieņēmumu dienests; Valsts robežsardze/muita; Tiesas/Tiesu administrācija/TIS; Pašvaldības/valsts pārvaldes citas iestādes; Prokuratūra/prokurori; Valsts policija,E-pasts; Telefons/SMS,"Rīcība amata pienākumu/uzdevuma ietvaros; Uzkūdīšanas pazīmju apstrīdēšana; Nebija izpaušanas, tikai apskate/piekļuve; Nav tieša nodoma/kļūda; Operatīvo pierādījumu pieļaujamība/samērīgums","Noraidīti argumenti: Uzkūdīšanas pazīmju apstrīdēšana; Nebija izpaušanas, tikai apskate/piekļuve; Nav tieša nodoma/kļūda",DA_OPERATIVE_ADMISSIBILITY; DA_LAWFUL_DUTY,DA_NO_DISCLOSURE; DA_NO_INTENT; DA_INSTIGATION,IT_TAXPAYER; CH_EMAIL; CH_PHONE; EV_EMAIL; EV_WITNESSES; EV_DUTY_DOCS; EV_LEGAL_REGIME; EV_SMS_CHAT; EV_PHONE_CALLS; EV_SYSTEM_FUNCTION; INST_VID; INST_BORDER; INST_COURT; INST_MUNICIPAL; INST_PROSECUTION; INST_POLICE; SRC_EMAIL; SRC_PHONE; DA_LAWFUL_DUTY; DA_INSTIGATION; DA_NO_DISCLOSURE; DA_NO_INTENT; DA_OPERATIVE_ADMISSIBILITY,augsta,"Pārbaudīt operatīvo pierādījumu pieļaujamību, samērīgumu un nodošanas ķēdi. Īpaši pārbaudīt amata pienākumu, administratīvā procesa vai darba uzdevuma tiesisko pamatu.","ienestu” 21. panta pārkāpumu, kas noteic, ka Valsts ieņēmumu dienesta ierēdnim un darbiniekam aizliegts, izņemot likumā “Par nodokļiem un nodevām” paredzētos gadījumos izpaust par nodokļu maksātāju jebkādu informāciju, kas ierēdnim vai darbiniekam kļuvusi zināma, pildot dienesta pienākumus. Saskaņā ar likuma “Par nodokļiem un nodevām” 22. pantu konkrētais gadījums neatbilst nevienam no izņēmuma gadījumiem, kad /pers. K/ likumīgi būtu varējis nosūtīt minēto informāciju /pers. A/ bez nodokļu maksātāja piekrišanas. Ar šādām darbībām tika pārkāpts Valsts ieņ || ka posmā no 2010. gada 6. janvāra līdz 2016. gada 29. februārim, būdams valsts amatpersona Krimināllikuma 316. panta izpratnē, pildīja/amata nosaukums/ amata pienākumus saskaņā ar Valsts ieņēmumu dienesta 2014. gada 26. februāra rīkojumu Nr. 24-a apstiprināto amata aprakstu un 2014. gada 25. jūlijā sniegtu apliecinājumu par apņemšanos prettiesiski neizpaust ierobežotas pieejamības informāciju, kas tiks uzticēta vai kļūs zināma, pildot darba vai dienesta pienākumus, precīzi izpildīt ar ierobežotas pieejamības informācijas aizsardzību saistīto normatīvo ak || ta vēstules /pers. A/ un /pers. G/, kurām pievienots Valsts ieņēmumu dienesta 2015. gada 5. oktobra vēstules projekts Finanšu ministrijai. Ar savām darbībām /pers. K/ esot pārkāpis VID 19.11.2014. rīkojuma Nr. 1926 1. punktu, kas nosaka, ka VID dokumentu projekti ir ierobežotas pieejamības informācija. Ar spriedumu lietā /pers. K/ atzīts par vainīgu nevis par e-pasta vēstules, kurai pievienots Valsts ieņēmumu dienesta 2015. gada 5. oktobra vēstules projekts Finanšu ministrijai, nosūtīšanu tieši Starptautisko ekonomisko sakaru un muitas institūta direktor",65208,74c461c78b7948f6684a55c9bbb22430fdfe57289cb7db92dba8bfcaff817bac
KL329-MAP-038,unique,Anonimizets_nolemums_529825.pdf,11096165905)).,SKK-94/2006,ECLI:LV:RVPT:2021:1007.15830013015.3.S,2021.gada 7.oktobrī,Augstākā tiesa,Senāts / kasācijas instance,notiesājošs / vainīgs; attaisnošana minēta,IT_TAXPAYER,Nodokļu maksātāju ziņas,"Robežkontroles, muitas un izceļošanas ziņas; Krimināllietas materiāli/fototabulas; Ziņas par personas sodāmību; Ziņas par privāto dzīvi/laulību",E-pasts,Telefonsaruna/zvans; SMS/īsziņas,E-pasta pierādījumi; Liecinieku liecības; Amata dokumenti/brīdinājumi; SMS/čati; Informācijas režīma dokumenti; IS funkcionalitātes/speciālista skaidrojums,Tiesas/Tiesu administrācija/TIS; VID/Valsts ieņēmumu dienests; Valsts robežsardze/muita; Pašvaldības/valsts pārvaldes citas iestādes; Prokuratūra/prokurori; Valsts policija,E-pasts; Telefons/SMS,"Rīcība amata pienākumu/uzdevuma ietvaros; Operatīvo pierādījumu pieļaujamība/samērīgums; Nav tieša nodoma/kļūda; Uzkūdīšanas pazīmju apstrīdēšana; Nebija izpaušanas, tikai apskate/piekļuve; Informācija bija publiska/adresātam zināma; Apelācijas/pirmās instances motivācijas trūkumi",Rezultīvi argumenti: Pēc operatīvo pierādījumu izslēgšanas vai apšaubīšanas aizstāvības pozīcija kļuva izšķiroša,DA_OPERATIVE_ADMISSIBILITY; DA_MOTIVATION; DA_LAWFUL_DUTY,,IT_TAXPAYER; CH_EMAIL; CH_PHONE; CH_SMS; EV_EMAIL; EV_WITNESSES; EV_DUTY_DOCS; EV_SMS_CHAT; EV_LEGAL_REGIME; EV_SYSTEM_FUNCTION; INST_COURT; INST_VID; INST_BORDER; INST_MUNICIPAL; INST_PROSECUTION; INST_POLICE; SRC_EMAIL; SRC_PHONE; DA_LAWFUL_DUTY; DA_OPERATIVE_ADMISSIBILITY; DA_NO_INTENT; DA_INSTIGATION; DA_NO_DISCLOSURE; DA_PUBLIC_INFO; DA_MOTIVATION,augsta,"Pārbaudīt operatīvo pierādījumu pieļaujamību, samērīgumu un nodošanas ķēdi. Īpaši pārbaudīt amata pienākumu, administratīvā procesa vai darba uzdevuma tiesisko pamatu.","dienestu” 21.panta pārkāpumu, kas noteic, ka Valsts ieņēmumu dienesta ierēdnim un darbiniekam aizliegts, izņemot likumā “Par nodokļiem un nodevām” paredzētos gadījumos izpaust par nodokļu maksātāju jebkādu informāciju, kas ierēdnim vai darbiniekam kļuvusi zināma, pildot dienesta pienākumus. Saskaņā ar likuma “Par nodokļiem un nodevām” 22.pantu konkrētais gadījums neatbilst nevienam no izņēmuma gadījumiem, kad /pers. A/ likumīgi būtu varējis nosūtīt minēto informāciju /pers. B/ bez nodokļu maksātāja piekrišanas. Ar šādām darbībām tika pārkāpts Valsts ieņē || mu ir atbildīga par ziņu glabāšanu. /pers. A/, laika posmā no 2010.gada 6.janvāra līdz 2016.gada 29.februārim, būdams valsts amatpersona Krimināllikuma 316.panta izpratnē, pildīja Valsts ieņēmumu dienesta ģenerāldirektora vietnieka muitas jomā un Muitas pārvaldes direktora amata pienākumus saskaņā ar Valsts ieņēmumu dienesta 2014.gada 26.februāra rīkojumu Nr.24-a apstiprināto amata aprakstu un 2014.gada 25.jūlijā sniegtu apliecinājumu par apņemšanos prettiesiski neizpaust ierobežotas pieejamības informāciju, kas tiks uzticēta vai kļūs zināma, pildot darb || us, precīzi izpildīt ar ierobežotas pieejamības informācijas aizsardzību saistīto normatīvo aktu un rīkojumu prasības. Amata pienākumu pildīšanai /pers. A/ tika piešķirta piekļuve e-pasta pārlūkprogrammai ar piešķirto e-pasta lietotāja kontu /e-pasta adrese/. Īstenojot nodomu par Valsts ieņēmumu dienesta neizpaužamas informācijas izpaušanu, 2015.gada 10.janvārī /pers. A/, no sava darba e-pasta lietotāja konta /e-pasta adrese/ plkst.13.50 nosūtīja e-pasta vēstuli /pers. B/ uz e-pastu /elektroniskā pasta adrese/ ar nosaukumu “FW:RTU atzinums”, pielikumā pi",63177,570af23904890355618dc76aa198d7dedcbb09e783c7d2c8295dffb0bfd37e28
KL329-MAP-039,unique,Anonimizets_nolemums_536904.pdf,11905007418 lēmumu par lietas nodošanu tiesai (sastādījusi /amats//Valsts,SKK-147/2017,ECLI:LV:ZAT:2021:0909.16870001820.8.S,2021. gada 9. septembrī,Augstākā tiesa,Senāts / kasācijas instance,attaisnošana minēta; atcelts/nodots jaunai izskatīšanai; atstāts negrozīts,IT_CONVICTIONS,Ziņas par personas sodāmību,Kriminālprocesa ziņas; Krimināllietas materiāli/fototabulas; Fiziskas personas dati; Operatīvās darbības ziņas,Telefonsaruna/zvans,Atļauts aplūkot ekrānā; SMS/īsziņas; Mutiska izpaušana klātienē,Liecinieku liecības; Amata dokumenti/brīdinājumi; Video/foto fiksācija; Informācijas režīma dokumenti; Operatīvās darbības pierādījumi; SMS/čati; E-pasta pierādījumi; IS auditācijas dati,Tiesas/Tiesu administrācija/TIS; Prokuratūra/prokurori; Iekšlietu ministrijas Informācijas centrs/Sodu reģistrs; VID/Valsts ieņēmumu dienests; KNAB; Valsts policija; Pašvaldības/valsts pārvaldes citas iestādes,Sodu reģistrs/IMIC; Publiskie avoti/Lursoft/internets; Telefons/SMS,Rīcība amata pienākumu/uzdevuma ietvaros; Operatīvo pierādījumu pieļaujamība/samērīgums; Informācija bija publiska/adresātam zināma; Uzkūdīšanas pazīmju apstrīdēšana; Apelācijas/pirmās instances motivācijas trūkumi; Nav tieša nodoma/kļūda; Ziņas nav neizpaužamas/ierobežotas,Rezultīvi argumenti: Pēc operatīvo pierādījumu izslēgšanas vai apšaubīšanas aizstāvības pozīcija kļuva izšķiroša | Noraidīti argumenti: Informācija bija publiska/adresātam zināma; Uzkūdīšanas pazīmju apstrīdēšana; Nav tieša nodoma/kļūda; Ziņas nav neizpaužamas/ierobežotas,DA_OPERATIVE_ADMISSIBILITY; DA_MOTIVATION; DA_LAWFUL_DUTY,DA_PUBLIC_INFO; DA_NOT_PROTECTED; DA_NO_INTENT; DA_INSTIGATION,IT_CONVICTIONS; CH_PHONE; CH_SCREEN; CH_SMS; CH_ORAL; EV_WITNESSES; EV_DUTY_DOCS; EV_VIDEO; EV_LEGAL_REGIME; EV_OPERATIVE; EV_SMS_CHAT; EV_EMAIL; EV_SYSTEM_LOGS; INST_COURT; INST_PROSECUTION; INST_IC; INST_VID; INST_KNAB; INST_POLICE; INST_MUNICIPAL; SRC_SODU; SRC_PUBLIC; SRC_PHONE; DA_LAWFUL_DUTY; DA_OPERATIVE_ADMISSIBILITY; DA_PUBLIC_INFO; DA_INSTIGATION; DA_MOTIVATION; DA_NO_INTENT; DA_NOT_PROTECTED,augsta,"Pārbaudīt operatīvo pierādījumu pieļaujamību, samērīgumu un nodošanas ķēdi.","26. 14:07 Anonīms sistēmas lietotājs valsts apsūdzības uzturētāju, ko tālāk /pers. B/ vēlējās noskaidrot no /vieta//amats/. Tas ka /pers. B/ vēlējās noskaidrot ziņas par /pers. C/ sodāmību, ietilpa viņas kā aizstāves tiesībās, ko savā nolēmumā atzīst arī tiesa, un līdz ar ko nav izšķirošas nozīmes tam, kur, pie kā viņa vērsās, lai iegūtu šīs ziņas, jo to iegūšana tiesas ieskatā bija likumīga. No kā secināms, ka iztrūkst noziedzīgā nodarījuma objektīvā puse arī šajā daļā, jo ar neizpaužamām ziņām ir iepazinusies persona, kurai bija tiesības ar tām iepazīt || p /vieta/ un /vieta/ Informācijas centru noslēgta vienošanās Nr. /numurs/ par grozījumiem starpresoru vienošanās par Informācijas centra pārziņā esošo valsts informācijas sistēmu “Sodu reģistrs”, “Kriminālprocesa informācijas sistēma” un Integrētās Iekšlietu informācijas sistēmas apakšsistēmu “Kriminālistika” un “Izbeigto krimināllietu reģistrs” lietošanu tiešsaistes režīmā, kuras 4.1. apakšpunkts noteic, ka lietotājam aizliegts veikt darbības, kas sekmē informācijas sistēmas datu nelikumīgu izpaušanu. 2011. gada 11. aprīlī /pers. A/ /amats/ amata pienāk || ūdīt /pers. A/ sniegt /pers. B/ neizpaužamas ziņas no /pers. A/ pieejamās datu bāzes par personu, kura bija /pers. B/ aizstāvamais. Realizējot noziedzīgo nodomu, /pers. B/ no sava telefona uz /pers. A/ telefonu pārsūtīja savā rīcībā esošo informāciju, kā arī uz piezīmju lapiņas uzrakstīja krimināllietas numuru un parādīja /pers. A/ sava mobilā telefona ekrānā redzamo personas kodu, lūdzot iegūt /pers. B/ interesējošās ziņas par šo personu. /Pers. A/ pēc tam, kad apskatījās, kādas ziņas interesē /pers. B/, plkst. 10.40 savā darbavietas kabinetā /adrese/, ",161638,9efb9ccccb780c7d95eeb2fdfc458e36953501dc339377705a49b25db5443418
KL329-MAP-040,unique,Anonimizets_nolemums_536919.pdf,,SKK- 147/2017,ECLI:LV:VAT:2023:0420.16870001820.17.S,2023.gada 20.aprīlī,Latvijas Republikas Senāts,Senāts / kasācijas instance,attaisnošana minēta; atcelts/nodots jaunai izskatīšanai; atstāts negrozīts,IT_CRIMPROC,Kriminālprocesa ziņas,Ziņas par personas sodāmību; Fiziskas personas dati; Krimināllietas materiāli/fototabulas; Transportlīdzekļa īpašnieka/apskates dati,Telefonsaruna/zvans,Atļauts aplūkot ekrānā; SMS/īsziņas; WhatsApp,Liecinieku liecības; Amata dokumenti/brīdinājumi; Video/foto fiksācija; Informācijas režīma dokumenti; SMS/čati; Operatīvās darbības pierādījumi; Atzīšanās/paskaidrojumi; E-pasta pierādījumi,Prokuratūra/prokurori; Tiesas/Tiesu administrācija/TIS; VID/Valsts ieņēmumu dienests; Iekšlietu ministrijas Informācijas centrs/Sodu reģistrs; Pašvaldības/valsts pārvaldes citas iestādes; Valsts policija; KNAB,Sodu reģistrs/IMIC; Telefons/SMS; Publiskie avoti/Lursoft/internets; WhatsApp,Rīcība amata pienākumu/uzdevuma ietvaros; Operatīvo pierādījumu pieļaujamība/samērīgums; Uzkūdīšanas pazīmju apstrīdēšana; Informācija bija publiska/adresātam zināma; Nav tieša nodoma/kļūda; Ziņas nav neizpaužamas/ierobežotas,Noraidīti argumenti: Uzkūdīšanas pazīmju apstrīdēšana; Informācija bija publiska/adresātam zināma; Nav tieša nodoma/kļūda; Ziņas nav neizpaužamas/ierobežotas,DA_OPERATIVE_ADMISSIBILITY; DA_LAWFUL_DUTY,DA_PUBLIC_INFO; DA_NOT_PROTECTED; DA_NO_INTENT; DA_INSTIGATION,IT_CRIMPROC; CH_PHONE; CH_SCREEN; CH_SMS; CH_WHATSAPP; EV_WITNESSES; EV_DUTY_DOCS; EV_VIDEO; EV_LEGAL_REGIME; EV_SMS_CHAT; EV_OPERATIVE; EV_CONFESSION; EV_EMAIL; INST_PROSECUTION; INST_COURT; INST_VID; INST_IC; INST_MUNICIPAL; INST_POLICE; INST_KNAB; SRC_SODU; SRC_PHONE; SRC_PUBLIC; SRC_WHATSAPP; DA_LAWFUL_DUTY; DA_OPERATIVE_ADMISSIBILITY; DA_INSTIGATION; DA_PUBLIC_INFO; DA_NO_INTENT; DA_NOT_PROTECTED,augsta,"Pārbaudīt operatīvo pierādījumu pieļaujamību, samērīgumu un nodošanas ķēdi.","ģistrā, veica pieprasījumu un ieguva ierobežotas pieejamības informāciju par kriminālprocesā Nr./numurs/ apsūdzēto /pers. G/, personas kods /personas kods/, konkrēti par /pers. G/ aizturēšanu kriminālprocesā, saukšanu pie kriminālatbildības, drošības līdzekļa piemērošanu un izsludināšanu meklēšanā, kas 212.3.197.106 03.06.2026. 14:06 Anonīms sistēmas lietotājs saskaņā ar Sodu reģistra likuma 3.pantā noteikto ir ierobežotas pieejamības informācija. /pers. D/ 2013.gada 18.augustā tiešsaistē, būdama brīdināta par Iekšlietu ministrijas Informācijas centra uz ||  ieguva ierobežotas pieejamības informāciju par kriminālprocesā Nr./numurs/ apsūdzēto /pers. G/, personas kods /personas kods/, konkrēti par /pers. G/ aizturēšanu kriminālprocesā, saukšanu pie kriminālatbildības, drošības līdzekļa piemērošanu un izsludināšanu meklēšanā, kas 212.3.197.106 03.06.2026. 14:06 Anonīms sistēmas lietotājs saskaņā ar Sodu reģistra likuma 3.pantā noteikto ir ierobežotas pieejamības informācija. /pers. D/ 2013.gada 18.augustā tiešsaistē, būdama brīdināta par Iekšlietu ministrijas Informācijas centra uzturētajās sistēmās esošo ziņu || llikuma 329.pantā paredzētajā noziedzīgajā nodarījumā un sodīta ar naudas sodu 7 Latvijas Republikā noteikto minimālo mēnešalgu apmērā jeb 3500 euro. /pers. D/ atcelts piemērotais drošības līdzeklis - noteiktas nodarbošanās aizliegums. /pers. E/, personas kods /personas kods/, atzīta par vainīgu Krimināllikuma 20.panta trešajā daļā un 329.pantā paredzētajā noziedzīgajā nodarījumā un sodīta ar naudas sodu 6 Latvijas Republikā noteikto minimālo mēnešalgu apmērā jeb 3000 euro. /pers. E/ drošības līdzeklis nav piemērots. Ar pirmās instances tiesas spriedumu ",124557,3fa36e8ef8f5fe0336e4eeb80db744d5cb06b5589c6002c1d87fe1d5a369c79f
KL329-MAP-041,unique,Anonimizets_nolemums_536979.pdf,"16870001820, SKK-48/2024",SKK-48/2024,ECLI:LV:AT:2024:0730.16870001820.18.L,2024. gada 30. jūlijā,Latvijas Republikas Senāts,Senāts / kasācijas instance,attaisnošana minēta; atcelts/nodots jaunai izskatīšanai; atstāts negrozīts,IT_CRIMPROC,Kriminālprocesa ziņas,Ziņas par personas sodāmību; Krimināllietas materiāli/fototabulas; Fiziskas personas dati; Operatīvās darbības ziņas,Atļauts aplūkot ekrānā,Telefonsaruna/zvans; SMS/īsziņas; Mutiska izpaušana klātienē,Liecinieku liecības; Amata dokumenti/brīdinājumi; Operatīvās darbības pierādījumi; Video/foto fiksācija; Informācijas režīma dokumenti; SMS/čati; E-pasta pierādījumi,Tiesas/Tiesu administrācija/TIS; Prokuratūra/prokurori; Pašvaldības/valsts pārvaldes citas iestādes; Iekšlietu ministrijas Informācijas centrs/Sodu reģistrs; VID/Valsts ieņēmumu dienests; Valsts policija,Publiskie avoti/Lursoft/internets; Sodu reģistrs/IMIC; Telefons/SMS,"Operatīvo pierādījumu pieļaujamība/samērīgums; Informācija bija publiska/adresātam zināma; Uzkūdīšanas pazīmju apstrīdēšana; Apelācijas/pirmās instances motivācijas trūkumi; Rīcība amata pienākumu/uzdevuma ietvaros; Ziņas nav neizpaužamas/ierobežotas; Nebija izpaušanas, tikai apskate/piekļuve; Nav tieša nodoma/kļūda","Rezultīvi argumenti: Procesuāls vai kvalifikācijas arguments bija nozīmīgs lietas tālākai virzībai | Noraidīti argumenti: Informācija bija publiska/adresātam zināma; Uzkūdīšanas pazīmju apstrīdēšana; Ziņas nav neizpaužamas/ierobežotas; Nebija izpaušanas, tikai apskate/piekļuve; Nav tieša nodoma/kļūda",DA_OPERATIVE_ADMISSIBILITY; DA_MOTIVATION; DA_LAWFUL_DUTY,DA_PUBLIC_INFO; DA_NO_DISCLOSURE; DA_NOT_PROTECTED; DA_NO_INTENT; DA_INSTIGATION,IT_CRIMPROC; CH_SCREEN; CH_PHONE; CH_SMS; CH_ORAL; EV_WITNESSES; EV_DUTY_DOCS; EV_OPERATIVE; EV_VIDEO; EV_LEGAL_REGIME; EV_SMS_CHAT; EV_EMAIL; INST_COURT; INST_PROSECUTION; INST_MUNICIPAL; INST_IC; INST_VID; INST_POLICE; SRC_PUBLIC; SRC_SODU; SRC_PHONE; DA_OPERATIVE_ADMISSIBILITY; DA_PUBLIC_INFO; DA_INSTIGATION; DA_MOTIVATION; DA_LAWFUL_DUTY; DA_NOT_PROTECTED; DA_NO_DISCLOSURE; DA_NO_INTENT,augsta,"Pārbaudīt operatīvo pierādījumu pieļaujamību, samērīgumu un nodošanas ķēdi."," 28.6 panta septītajā daļā noteikto, ka tiesu sistēmā iekļautā informācija ir ierobežotas pieejamības informācija; 3) Soda reģistra likuma 3. pantā noteikto, ka ziņas par personas aizturēšanu kriminālprocesā, saukšanu pie kriminālatbildības, drošības līdzekļa piemērošanu un izsludināšanu meklēšanā (ko /pers. C/ nodevusi /pers. D/), ir ierobežotas pieejamības informācija. Vienlaikus apelācijas instances tiesa arī atzinusi, ka /pers. C/ pienākums glabāt neizpaužamas ziņas, ko viņa ieguvusi no Iekšlietu ministrijas Informācijas centra uzturētās sistēmas Sod || teikto, ka tiesu sistēmā iekļautā informācija ir ierobežotas pieejamības informācija; 3) Soda reģistra likuma 3. pantā noteikto, ka ziņas par personas aizturēšanu kriminālprocesā, saukšanu pie kriminālatbildības, drošības līdzekļa piemērošanu un izsludināšanu meklēšanā (ko /pers. C/ nodevusi /pers. D/), ir ierobežotas pieejamības informācija. Vienlaikus apelācijas instances tiesa arī atzinusi, ka /pers. C/ pienākums glabāt neizpaužamas ziņas, ko viņa ieguvusi no Iekšlietu ministrijas Informācijas centra uzturētās sistēmas Sodu reģistrs, izrietēja no liku || u Krimināllikuma 329. pantā paredzētajā noziedzīgajā nodarījumā un sodīta ar naudas sodu 7 Latvijas Republikā noteikto minimālo mēnešalgu apmērā jeb 3500 euro. Atcelts piemērotais drošības līdzeklis – noteiktas nodarbošanās aizliegums. [1.2] /pers. D/, personas kods /personas kods/, atzīta par vainīgu Krimināllikuma 20. panta trešajā daļā un 329. pantā paredzētajā noziedzīgajā nodarījumā un sodīta ar naudas sodu 6 Latvijas Republikā noteikto minimālo mēnešalgu apmērā jeb 3000 euro. Drošības līdzeklis nav piemērots. [2] Ar pirmās instances tiesas spriedum",33214,a62d7beb5bc9bc6008c4f94f01bc4361c8ab1925a76a6066e2afa6c94bc4e016
KL329-MAP-042,unique,Anonimizets_nolemums_537096 (1).pdf,"16870001820, SKK-48/2024",SKK-48/2024,ECLI:LV:AT:2024:0731.16870001820.20.L,2024. gada 31. jūlijā,Latvijas Republikas Senāts,Senāts / kasācijas instance,,IT_OTHER,Cits/nenoteikts,,,,,Tiesas/Tiesu administrācija/TIS; VID/Valsts ieņēmumu dienests,,,Jāvērtē manuāli pēc pilna nolēmuma; automātiski nav skaidri identificēta tiesas reakcija uz aizstāvības argumentiem.,,,IT_OTHER; INST_COURT; INST_VID,zema,Izpaušanas kanāls nav automātiski skaidri identificēts — nepieciešama manuāla pārbaude. Zema automātiskās klasifikācijas pārliecība; lieta jāpārskata manuāli.,,2619,56bc9451742f0b2215b6d1ae692012d279f8175d9bb34b6408b002e3d8c7cf0d
KL329-MAP-043,unique,Anonimizets_nolemums_537096.pdf,"16870001820, SKK-48/2024",SKK-48/2024,ECLI:LV:AT:2024:0731.16870001820.20.L,2024. gada 31. jūlijā,Latvijas Republikas Senāts,Senāts / kasācijas instance,,IT_OTHER,Cits/nenoteikts,,,,,Tiesas/Tiesu administrācija/TIS; VID/Valsts ieņēmumu dienests,,,Jāvērtē manuāli pēc pilna nolēmuma; automātiski nav skaidri identificēta tiesas reakcija uz aizstāvības argumentiem.,,,IT_OTHER; INST_COURT; INST_VID,zema,Izpaušanas kanāls nav automātiski skaidri identificēts — nepieciešama manuāla pārbaude. Zema automātiskās klasifikācijas pārliecība; lieta jāpārskata manuāli.,,2619,8be4e4c2d58340eabc32de63c11a63d914faa33ee330aa4fa95926fecdde8dd7
KL329-MAP-044,unique,Anonimizets_nolemums_537814 (1).pdf,"16870003620, SKK-389/2024",SKK-389/2024,ECLI:LV:AT:2024:0822.16870003620.3.L,2024. gada 22. augustā,Latvijas Republikas Senāts,Senāts: atteikums ierosināt kasāciju/lēmums,atcelts/nodots jaunai izskatīšanai; atteikts ierosināt kasāciju,IT_OTHER,Cits/nenoteikts,,Telefonsaruna/zvans,,Amata dokumenti/brīdinājumi,Tiesas/Tiesu administrācija/TIS,Telefons/SMS,Nav tieša nodoma/kļūda; Faktisko apstākļu atkārtota vērtēšana kasācijā,Noraidīti argumenti: Nav tieša nodoma/kļūda; Faktisko apstākļu atkārtota vērtēšana kasācijā,,DA_FACT_REEVAL; DA_NO_INTENT,IT_OTHER; CH_PHONE; EV_DUTY_DOCS; INST_COURT; SRC_PHONE; DA_NO_INTENT; DA_FACT_REEVAL,zema,Zema automātiskās klasifikācijas pārliecība; lieta jāpārskata manuāli.," iespējams, ir pārkāpusi ar iekšējo normatīvo aktu noteikto kārtību par informācijas apmaiņu ar sadarbības partneriem, proti, nodevusi informāciju par personu bezdarbnieku statusu telefoniski, nevis elektroniski. Kriminālprocesa likuma 569. panta pirmā daļa noteic, ka pārsūdzēšana kasācijas kārtībā ir rakstveida kasācijas sūdzības vai protesta iesniegšana Augstākajā tiesā par tāda apelācijas instances tiesas nolēmuma tiesiskumu, kurš vēl nav stājies spēkā, nolūkā panākt tā atcelšanu pilnībā vai kādā tā daļā vai arī tā grozīšanu juridisku iemeslu dēļ. Min || arījuma sastāvs, jo viņa informāciju par piecu personu bezdarbnieka statusu izpaudusi /pers. B/, kurai bija tiesības to iegūt. Turklāt šāda informācijas nodošana atbilst /pers. A/ amata apraksta 10.1.6. punktam, kur noteikts, ka viņai ir pienākums nodrošināt ar juridiskām un fiziskām personām noslēgto līgumu izpildi. Aizstāvis uzskata, ka /pers. A/, iespējams, ir pārkāpusi ar iekšējo normatīvo aktu noteikto kārtību par informācijas apmaiņu ar sadarbības partneriem, proti, nodevusi informāciju par personu bezdarbnieku statusu telefoniski, nevis elektronis ||  2024. gada 21. februāra spriedumu /pers. A/ atzīta par vainīgu un sodīta pēc Krimināllikuma 329. panta par to, ka viņa, būdama valsts amatpersona, kas par ziņu neizpaušanu bijusi brīdināta un saskaņā ar likumu ir atbildīga par ziņu glabāšanu, izpauda neizpaužamas ziņas, kas nav valsts noslēpums. Pamatojoties uz lietā esošajiem un spriedumā izvērtētajiem pierādījumiem, tiesa konstatējusi apsūdzētās /pers. A/ darbībās visas nepieciešamās un obligātās Krimināllikuma 329. pantā paredzētā noziedzīgā nodarījuma sastāva pazīmes. Apelācijas instances tiesa spri",5618,67f7e670e636c3d77d55e6c3bb41cf117486584ce42383a06ac9f618db845243
KL329-MAP-045,unique,Anonimizets_nolemums_537814.pdf,"16870003620, SKK-389/2024",SKK-389/2024,ECLI:LV:AT:2024:0822.16870003620.3.L,2024. gada 22. augustā,Latvijas Republikas Senāts,Senāts: atteikums ierosināt kasāciju/lēmums,atcelts/nodots jaunai izskatīšanai; atteikts ierosināt kasāciju,IT_OTHER,Cits/nenoteikts,,Telefonsaruna/zvans,,Amata dokumenti/brīdinājumi,Tiesas/Tiesu administrācija/TIS,Telefons/SMS,Nav tieša nodoma/kļūda; Faktisko apstākļu atkārtota vērtēšana kasācijā,Noraidīti argumenti: Nav tieša nodoma/kļūda; Faktisko apstākļu atkārtota vērtēšana kasācijā,,DA_FACT_REEVAL; DA_NO_INTENT,IT_OTHER; CH_PHONE; EV_DUTY_DOCS; INST_COURT; SRC_PHONE; DA_NO_INTENT; DA_FACT_REEVAL,zema,Zema automātiskās klasifikācijas pārliecība; lieta jāpārskata manuāli.," iespējams, ir pārkāpusi ar iekšējo normatīvo aktu noteikto kārtību par informācijas apmaiņu ar sadarbības partneriem, proti, nodevusi informāciju par personu bezdarbnieku statusu telefoniski, nevis elektroniski. Kriminālprocesa likuma 569. panta pirmā daļa noteic, ka pārsūdzēšana kasācijas kārtībā ir rakstveida kasācijas sūdzības vai protesta iesniegšana Augstākajā tiesā par tāda apelācijas instances tiesas nolēmuma tiesiskumu, kurš vēl nav stājies spēkā, nolūkā panākt tā atcelšanu pilnībā vai kādā tā daļā vai arī tā grozīšanu juridisku iemeslu dēļ. Min || arījuma sastāvs, jo viņa informāciju par piecu personu bezdarbnieka statusu izpaudusi /pers. B/, kurai bija tiesības to iegūt. Turklāt šāda informācijas nodošana atbilst /pers. A/ amata apraksta 10.1.6. punktam, kur noteikts, ka viņai ir pienākums nodrošināt ar juridiskām un fiziskām personām noslēgto līgumu izpildi. Aizstāvis uzskata, ka /pers. A/, iespējams, ir pārkāpusi ar iekšējo normatīvo aktu noteikto kārtību par informācijas apmaiņu ar sadarbības partneriem, proti, nodevusi informāciju par personu bezdarbnieku statusu telefoniski, nevis elektronis ||  2024. gada 21. februāra spriedumu /pers. A/ atzīta par vainīgu un sodīta pēc Krimināllikuma 329. panta par to, ka viņa, būdama valsts amatpersona, kas par ziņu neizpaušanu bijusi brīdināta un saskaņā ar likumu ir atbildīga par ziņu glabāšanu, izpauda neizpaužamas ziņas, kas nav valsts noslēpums. Pamatojoties uz lietā esošajiem un spriedumā izvērtētajiem pierādījumiem, tiesa konstatējusi apsūdzētās /pers. A/ darbībās visas nepieciešamās un obligātās Krimināllikuma 329. pantā paredzētā noziedzīgā nodarījuma sastāva pazīmes. Apelācijas instances tiesa spri",5618,8c00bb952b375271df3c41a86ee8dde8a832973d1d0e9200575fa5d4a75d2ebe
KL329-MAP-046,unique,Anonimizets_nolemums_538088.pdf,,SKK-25/2019,ECLI:LV:KUAT:2024:0221.16870003620.2.S,2024.gada 21.februārī,Tiesas sēdes priekšsēdētājs K.Līcis,Senāts / kasācijas instance,notiesājošs / vainīgs; attaisnošana minēta; atcelts/nodots jaunai izskatīšanai; atstāts negrozīts,IT_CASE_MATERIALS,Krimināllietas materiāli/fototabulas,Ziņas par privāto dzīvi/laulību; Fiziskas personas dati,Telefonsaruna/zvans,E-pasts; SMS/īsziņas,Amata dokumenti/brīdinājumi; Liecinieku liecības; E-pasta pierādījumi; Telefonsarunas un zvanu izdrukas; Informācijas režīma dokumenti; SMS/čati; IS auditācijas dati; Atzīšanās/paskaidrojumi,Tiesas/Tiesu administrācija/TIS; Prokuratūra/prokurori; Pašvaldības/valsts pārvaldes citas iestādes,Telefons/SMS; E-pasts,"Rīcība amata pienākumu/uzdevuma ietvaros; Operatīvo pierādījumu pieļaujamība/samērīgums; Nebija izpaušanas, tikai apskate/piekļuve; Nav tieša nodoma/kļūda","Noraidīti argumenti: Nebija izpaušanas, tikai apskate/piekļuve; Nav tieša nodoma/kļūda",,DA_NO_DISCLOSURE; DA_NO_INTENT,IT_CASE_MATERIALS; CH_PHONE; CH_EMAIL; CH_SMS; EV_DUTY_DOCS; EV_WITNESSES; EV_EMAIL; EV_PHONE_CALLS; EV_LEGAL_REGIME; EV_SMS_CHAT; EV_SYSTEM_LOGS; EV_CONFESSION; INST_COURT; INST_PROSECUTION; INST_MUNICIPAL; SRC_PHONE; SRC_EMAIL; DA_LAWFUL_DUTY; DA_OPERATIVE_ADMISSIBILITY; DA_NO_DISCLOSURE; DA_NO_INTENT,augsta,"Pārbaudīt operatīvo pierādījumu pieļaujamību, samērīgumu un nodošanas ķēdi.","tāde/sistēmu lietošanas noteikumu 19.3.punkta izriet, ka sistēmu lietotājam ir aizliegts nesankcionēti nodot sistēmu informācijas vai tehniskos resursus trešajai personai. Turklāt krimināllietas materiālos atrodas /Iestāde/2020.gada 19.jūnija rīkojums Nr.164 par ierobežotas pieejamības informācijas sarakstu. Saskaņā ar rīkojuma 1.punktu un ar Informācijas atklātības likuma 5.panta trešo daļu ar šo rīkojumu noteikts vienots ierobežotas pieejamības informācijas saraksts /Iestāde/. Rīkojuma pielikumam pievienots /Iestāde/ierobežotas pieejamības informācijas || umā var tikt saukta pie normatīvajos aktos paredzētās atbildības. /pers. A/, 2021.gada 4.feburārī plkst.09.24, atrodoties savā darbavietā /adrese/, uz savu tālruni /numurs/ saņēma telefona zvanu no tālruņa numura /Numurs/, kura faktiskais lietotājs ir /pers. B/, kura, būdama autoskolas /Nosaukums A/ biroja vadītāja, palūdza /pers. A/ apskatīties vairāku personu statusu datu bāzē /Nosaukums B/ (turpmāk - /Nosaukums B/) un sniegt /pers. B/ iegūto informāciju par personu bezdarbnieka statusa esamību vai neesamību un tā izbeigšanas datumu. /pers. A/, 2021.ga || ikt saukta pie normatīvajos aktos paredzētās atbildības. /pers. A/, 2021.gada 4.feburārī plkst.09.24, atrodoties savā darbavietā /adrese/, uz savu tālruni /numurs/ saņēma telefona zvanu no tālruņa numura /Numurs/, kura faktiskais lietotājs ir /pers. B/, kura, būdama autoskolas /Nosaukums A/ biroja vadītāja, palūdza /pers. A/ apskatīties vairāku personu statusu datu bāzē /Nosaukums B/ (turpmāk - /Nosaukums B/) un sniegt /pers. B/ iegūto informāciju par personu bezdarbnieka statusa esamību vai neesamību un tā izbeigšanas datumu. /pers. A/, 2021.gada 4.febr",61313,fcd89678dd1dfefa7c2fec002a1132cc25286388aa1b89e670c4a5a2ed54db15
KL329-MAP-047,unique,SKK-147-2017.doc,,SKK-147/2017,,2005.gada 29.novembrī,Augstākā tiesa,Senāts / kasācijas instance,atcelts/nodots jaunai izskatīšanai; atstāts negrozīts,IT_BORDER_CUSTOMS,"Robežkontroles, muitas un izceļošanas ziņas",Nodokļu maksātāju ziņas; Kriminālprocesa ziņas; Transportlīdzekļa īpašnieka/apskates dati; Fiziskas personas dati,E-pasts,,SMS/čati; E-pasta pierādījumi; Liecinieku liecības; Amata dokumenti/brīdinājumi; Informācijas režīma dokumenti,Tiesas/Tiesu administrācija/TIS; Valsts robežsardze/muita; VID/Valsts ieņēmumu dienests; Pašvaldības/valsts pārvaldes citas iestādes,E-pasts,Rīcība amata pienākumu/uzdevuma ietvaros; Operatīvo pierādījumu pieļaujamība/samērīgums; Uzkūdīšanas pazīmju apstrīdēšana; Nav tieša nodoma/kļūda,Rezultīvi argumenti: Pēc operatīvo pierādījumu izslēgšanas vai apšaubīšanas aizstāvības pozīcija kļuva izšķiroša | Noraidīti argumenti: Uzkūdīšanas pazīmju apstrīdēšana; Nav tieša nodoma/kļūda,DA_OPERATIVE_ADMISSIBILITY; DA_LAWFUL_DUTY,DA_NO_INTENT; DA_INSTIGATION,IT_BORDER_CUSTOMS; CH_EMAIL; EV_SMS_CHAT; EV_EMAIL; EV_WITNESSES; EV_DUTY_DOCS; EV_LEGAL_REGIME; INST_COURT; INST_BORDER; INST_VID; INST_MUNICIPAL; SRC_EMAIL; DA_LAWFUL_DUTY; DA_OPERATIVE_ADMISSIBILITY; DA_INSTIGATION; DA_NO_INTENT,augsta,"Pārbaudīt operatīvo pierādījumu pieļaujamību, samērīgumu un nodošanas ķēdi.",", kas nav valsts noslēpums. Noziedzīgais nodarījums izdarīts šādos pirmās instances tiesas konstatētajos apstākļos. [pers.A] strādāja Valsts ieņēmumu dienesta (turpmāk tekstā-VID) Muitas pārvaldē par VID Muitas pārvaldes [..] vecāko muitas ekspertu. [pers.A] 2005.gada 29.novembrī tika brīdināts par to, ka viņš apņemas neizpaust ierobežotas pieejamības informāciju, kas viņam kļuvusi zināma, pildot darba vai dienesta pienākumus. 2010.gada 13.maijā [pers.A] iepazinās ar sava amata – vecākais muitas eksperts – aprakstu. Tādējādi [pers.A], būdams persona, kas || izi tulkojusi un piemērojusi Kriminālprocesa likuma 191.un 192.pantu, tādēļ nepieļaujams pierādījums ir 2012.gada 14.martā veiktās kratīšanas laikā viņa darbavietas datorā atrastā e-pasta sarakste un tā apskate. [pers.A] norāda, ka ar izmeklēšanas tiesneses 2012.gada 13.marta lēmumu par kratīšanas izdarīšanu atļauts veikt kratīšanu viņa darbavietā, bet daļā par e-pasta sarakstes izņemšanu lūgums ir noraidīts, jo e-pasta sarakstes iegūšanai likumā ir noteikta cita kārtība. Neievērojot izmeklēšanas tiesneses 2012.gada 13.marta lēmumā par kratīšanas izdarīš || ā [pers.D] par iepriekšminēto ziņu iegūšanu. [pers.D], nezinādams par [pers.A] noziedzīgo nodomu izpaust neizpaužamās ziņas, 2011.gada 28.oktobrī elektroniski uz [pers.A] dienesta elektronisko pastu dienesta vajadzībām nosūtīja Krievijas Federācijas Federālā muitas dienesta Ziemeļrietumu muitas pārvaldes Sebežas muitas 2011.gada 26.oktobra paziņojumu, kas saturēja informāciju par [pers.C] pārbaudi vilcienā Maskava – Rīga. 2011.gada oktobra beigās. Pirmstiesas izmeklēšanas laikā precīzi nenoskaidrotā datumā [pers.A] nodeva [pers.B] šādu dokumentu, kas sat",26353,762e77289f8322220e6282b14db3930aecf14e0855828a3dab33a1d32f11255d
KL329-MAP-048,unique,SKK-175-2026 (1).docx,"68700001323, SKK-175/2026",SKK-175/2026,ECLI:LV:AT:2026:0414.68700001323.8.L,2020. gada 7. maijā,,Senāts: atteikums ierosināt kasāciju/lēmums,atteikts ierosināt kasāciju,IT_PROCUREMENT,Iepirkuma dokumenti/projekti,,Telefonsaruna/zvans,Signal,SMS/čati; Liecinieku liecības; Informācijas režīma dokumenti; IS auditācijas dati; Amata dokumenti/brīdinājumi,Tiesas/Tiesu administrācija/TIS; Pašvaldības/valsts pārvaldes citas iestādes,Publiskie avoti/Lursoft/internets; Telefons/SMS; Signal,Informācija bija publiska/adresātam zināma; Uzkūdīšanas pazīmju apstrīdēšana; Apelācijas/pirmās instances motivācijas trūkumi; Rīcība amata pienākumu/uzdevuma ietvaros; Faktisko apstākļu atkārtota vērtēšana kasācijā,Rezultīvi argumenti: Procesuāls vai kvalifikācijas arguments bija nozīmīgs lietas tālākai virzībai | Noraidīti argumenti: Informācija bija publiska/adresātam zināma; Uzkūdīšanas pazīmju apstrīdēšana; Faktisko apstākļu atkārtota vērtēšana kasācijā,,DA_PUBLIC_INFO; DA_FACT_REEVAL; DA_INSTIGATION,IT_PROCUREMENT; CH_PHONE; CH_SIGNAL; EV_SMS_CHAT; EV_WITNESSES; EV_LEGAL_REGIME; EV_SYSTEM_LOGS; EV_DUTY_DOCS; INST_COURT; INST_MUNICIPAL; SRC_PUBLIC; SRC_PHONE; SRC_SIGNAL; DA_PUBLIC_INFO; DA_INSTIGATION; DA_MOTIVATION; DA_LAWFUL_DUTY; DA_FACT_REEVAL,augsta,,"Iepirkuma nolikuma projekts kā neizpaužamas ziņas Krimināllikuma 329. panta izpratnē Latvijas Republikas Senāta Krimināllietu departamenta 2026. gada 14. aprīļa LĒMUMS Lieta Nr. 68700001323, SKK-175/2026 ECLI:LV:AT:2026:0414.68700001323.8.L Senāts šādā sastāvā: senatori Irīna Jansone, Aivars Uminskis, Inese Laura Zemīte, iepazinies ar apsūdzētā [pers. A] aizstāves zvērinātas ad || a 36. panta pirmās daļas izriet, ka iepirkuma nolikuma projekts ir iepirkuma procedūras dokuments, kas atzīstams par ierobežotas pieejamības informāciju. Vienlaikus tiesa sniegusi iepirkuma dokumentācijas, nevis iepirkuma procedūras dokumenta interpretāciju. Ņemot vērā minēto, tiesa nepamatoti konstatējusi Krimināllikuma 329. pantā paredzētā noziedzīgā nodarījuma priekšmetu. Tiesa nav ņēmusi vērā Iepirkumu uzraudzības biroja 2023. gada 19. maija atbildē norādīto, kas atbilstoši Kriminālprocesa likuma 133. pantā noteiktajam atzīstams par kompetentās insti || Iepirkuma nolikuma projekts kā neizpaužamas ziņas Krimināllikuma 329. panta izpratnē Latvijas Republikas Senāta Krimināllietu departamenta 2026. gada 14. aprīļa LĒMUMS Lieta Nr. 68700001323, SKK-175/2026 ECLI:LV:AT:2026:0414.68700001323.8.L Senāts šādā sastāvā: senatori Irīna Jansone, Aivars Uminskis, Inese Laura Zemīte, iepazinies ar apsūdzētā [pers. A] aizstāves zvērinātas advokātes La",13889,13ae297b6c40cb6854d93af1df9740432d31265bba4c4318ca32cea6ed04c904
KL329-MAP-049,duplicate_text,SKK-175-2026.docx,"68700001323, SKK-175/2026",SKK-175/2026,ECLI:LV:AT:2026:0414.68700001323.8.L,2020. gada 7. maijā,,Senāts: atteikums ierosināt kasāciju/lēmums,atteikts ierosināt kasāciju,IT_PROCUREMENT,Iepirkuma dokumenti/projekti,,Telefonsaruna/zvans,Signal,SMS/čati; Liecinieku liecības; Informācijas režīma dokumenti; IS auditācijas dati; Amata dokumenti/brīdinājumi,Tiesas/Tiesu administrācija/TIS; Pašvaldības/valsts pārvaldes citas iestādes,Publiskie avoti/Lursoft/internets; Telefons/SMS; Signal,Informācija bija publiska/adresātam zināma; Uzkūdīšanas pazīmju apstrīdēšana; Apelācijas/pirmās instances motivācijas trūkumi; Rīcība amata pienākumu/uzdevuma ietvaros; Faktisko apstākļu atkārtota vērtēšana kasācijā,Rezultīvi argumenti: Procesuāls vai kvalifikācijas arguments bija nozīmīgs lietas tālākai virzībai | Noraidīti argumenti: Informācija bija publiska/adresātam zināma; Uzkūdīšanas pazīmju apstrīdēšana; Faktisko apstākļu atkārtota vērtēšana kasācijā,,DA_PUBLIC_INFO; DA_FACT_REEVAL; DA_INSTIGATION,IT_PROCUREMENT; CH_PHONE; CH_SIGNAL; EV_SMS_CHAT; EV_WITNESSES; EV_LEGAL_REGIME; EV_SYSTEM_LOGS; EV_DUTY_DOCS; INST_COURT; INST_MUNICIPAL; SRC_PUBLIC; SRC_PHONE; SRC_SIGNAL; DA_PUBLIC_INFO; DA_INSTIGATION; DA_MOTIVATION; DA_LAWFUL_DUTY; DA_FACT_REEVAL,augsta,,"Iepirkuma nolikuma projekts kā neizpaužamas ziņas Krimināllikuma 329. panta izpratnē Latvijas Republikas Senāta Krimināllietu departamenta 2026. gada 14. aprīļa LĒMUMS Lieta Nr. 68700001323, SKK-175/2026 ECLI:LV:AT:2026:0414.68700001323.8.L Senāts šādā sastāvā: senatori Irīna Jansone, Aivars Uminskis, Inese Laura Zemīte, iepazinies ar apsūdzētā [pers. A] aizstāves zvērinātas ad || a 36. panta pirmās daļas izriet, ka iepirkuma nolikuma projekts ir iepirkuma procedūras dokuments, kas atzīstams par ierobežotas pieejamības informāciju. Vienlaikus tiesa sniegusi iepirkuma dokumentācijas, nevis iepirkuma procedūras dokumenta interpretāciju. Ņemot vērā minēto, tiesa nepamatoti konstatējusi Krimināllikuma 329. pantā paredzētā noziedzīgā nodarījuma priekšmetu. Tiesa nav ņēmusi vērā Iepirkumu uzraudzības biroja 2023. gada 19. maija atbildē norādīto, kas atbilstoši Kriminālprocesa likuma 133. pantā noteiktajam atzīstams par kompetentās insti || Iepirkuma nolikuma projekts kā neizpaužamas ziņas Krimināllikuma 329. panta izpratnē Latvijas Republikas Senāta Krimināllietu departamenta 2026. gada 14. aprīļa LĒMUMS Lieta Nr. 68700001323, SKK-175/2026 ECLI:LV:AT:2026:0414.68700001323.8.L Senāts šādā sastāvā: senatori Irīna Jansone, Aivars Uminskis, Inese Laura Zemīte, iepazinies ar apsūdzētā [pers. A] aizstāves zvērinātas advokātes La",13889,13ae297b6c40cb6854d93af1df9740432d31265bba4c4318ca32cea6ed04c904
KL329-MAP-050,unique,SKK-25-2019.docx,"11860000217, SKK-25/2019",SKK-25/2019,ECLI:LV:AT:2019:0425.11860000217.3.L,2007.gada 29.novembrī,,Senāts / kasācijas instance,attaisnošana minēta; atcelts/nodots jaunai izskatīšanai,IT_CONVICTIONS,Ziņas par personas sodāmību,"Transportlīdzekļa īpašnieka/apskates dati; Kriminālprocesa ziņas; Robežkontroles, muitas un izceļošanas ziņas; Nodokļu maksātāju ziņas",Telefonsaruna/zvans,,Amata dokumenti/brīdinājumi; Informācijas režīma dokumenti; Liecinieku liecības,Tiesas/Tiesu administrācija/TIS; Prokuratūra/prokurori; Valsts policija; Valsts robežsardze/muita; VID/Valsts ieņēmumu dienests; Pašvaldības/valsts pārvaldes citas iestādes; CSDD,Telefons/SMS; CSDD ārējā sistēma,Rīcība amata pienākumu/uzdevuma ietvaros; Nav tieša nodoma/kļūda; Informācija bija publiska/adresātam zināma; Apelācijas/pirmās instances motivācijas trūkumi,Noraidīti argumenti: Nav tieša nodoma/kļūda; Informācija bija publiska/adresātam zināma,DA_MOTIVATION; DA_LAWFUL_DUTY,DA_PUBLIC_INFO; DA_NO_INTENT,IT_CONVICTIONS; CH_PHONE; EV_DUTY_DOCS; EV_LEGAL_REGIME; EV_WITNESSES; INST_COURT; INST_PROSECUTION; INST_POLICE; INST_BORDER; INST_VID; INST_MUNICIPAL; INST_CSDD; SRC_PHONE; SRC_CSDD; DA_LAWFUL_DUTY; DA_NO_INTENT; DA_PUBLIC_INFO; DA_MOTIVATION,augsta,,"ienā nebija atbildīgs vai pilnvarots koordinēt un nodot informāciju trešajām personām. [3.2.2] Apelācijas instances tiesa pavirši izvērtējusi starp [pers. A] un [pers. B] notikušo telefona sarunu atšifrējumu, no kura tieši izsecināma [pers. A] inkriminētā noziedzīga nodarījuma subjektīvā puse – tas ir, ka [pers. A] apzinājies pieprasītās informācijas un ziņu neizpaužamo raksturu un ka šī informācija [pers. B] bija nepieciešama privātiem nolūkiem, nevis dienesta pienākumu izpildei. Nav šaubu par to, ka starp [pers. A] un [pers. B] notikušo telefona sarunu || personu datus. 2016.gada 15.septembrī [pers. A] atradās darbā un pildīja savus dienesta pienākumus. Plkst.17.51.02 [pers. A] uz tālruni Nr. [numurs 1] no tālruņa Nr. [numurs 2] piezvanīja [pers. B] un palūdza iegūt ziņas par automašīnas, valsts reģistrācijas numurs [..], īpašnieku (piederību). [Pers. A], izmantojot viņam piešķirtās piekļuves tiesības ārējai informācijas sistēmai Ceļu satiksmes drošības direkcijā, plkst.19.16.36 pieslēdzās sistēmai un ieguva tajā pieejamās ziņas. Tad [pers. A] plkst.19.18.50 piezvanīja [pers. B] un izpauda viņam ziņas par || b 2150 euro apmērā. [1.2] Ar pirmās instances tiesas spriedumu [pers. A] atzīts par vainīgu un sodīts pēc Krimināllikuma 329.panta par to, ka viņš, būdams valsts amatpersona, kura brīdināta par ziņu neizpaušanu, izpauda neizpaužamas ziņas, kas nav valsts noslēpums. Noziedzīgs nodarījums izdarīts šādos pirmās instances tiesas konstatētajos apstākļos. [Pers. A] 2016.gada septembrī strādāja Valsts policijas Latgales reģiona pārvaldes [amats] amatā, tas ir, bija valsts amatpersona. 2007.gada 29.novembrī [pers. A] kā valsts amatpersona saskaņā ar Fizisko pers",14012,678f2871be4cf1ada90679f7ae371b0d2221e2b44eba1e548e8acc404aaceda4
KL329-MAP-051,unique,SKK-289-13.doc,11819002111),SKK –289/2013,,2010.gada 26.oktobrī,Latvijas Republikas Augstākās tiesas Senāts šādā sastāvā:,Senāts / kasācijas instance,attaisnošana minēta; atcelts/nodots jaunai izskatīšanai,IT_VEHICLE_OWNER,Transportlīdzekļa īpašnieka/apskates dati,Operatīvās darbības ziņas; Fiziskas personas dati; Kriminālprocesa ziņas; Krimināllietas materiāli/fototabulas,SMS/īsziņas,Telefonsaruna/zvans,Operatīvās darbības pierādījumi; SMS/čati; Amata dokumenti/brīdinājumi; Telefonsarunas un zvanu izdrukas; Liecinieku liecības,Tiesas/Tiesu administrācija/TIS; Valsts policija; Prokuratūra/prokurori; VID/Valsts ieņēmumu dienests; Pašvaldības/valsts pārvaldes citas iestādes,Telefons/SMS; Publiskie avoti/Lursoft/internets,Operatīvo pierādījumu pieļaujamība/samērīgums; Apelācijas/pirmās instances motivācijas trūkumi; Informācija bija publiska/adresātam zināma; Ziņas nav neizpaužamas/ierobežotas; Nav tieša nodoma/kļūda,Rezultīvi argumenti: Pēc operatīvo pierādījumu izslēgšanas vai apšaubīšanas aizstāvības pozīcija kļuva izšķiroša | Noraidīti argumenti: Informācija bija publiska/adresātam zināma; Ziņas nav neizpaužamas/ierobežotas; Nav tieša nodoma/kļūda,DA_OPERATIVE_ADMISSIBILITY; DA_MOTIVATION,DA_PUBLIC_INFO; DA_NOT_PROTECTED; DA_NO_INTENT,IT_VEHICLE_OWNER; CH_SMS; CH_PHONE; EV_OPERATIVE; EV_SMS_CHAT; EV_DUTY_DOCS; EV_PHONE_CALLS; EV_WITNESSES; INST_COURT; INST_POLICE; INST_PROSECUTION; INST_VID; INST_MUNICIPAL; SRC_PHONE; SRC_PUBLIC; DA_OPERATIVE_ADMISSIBILITY; DA_MOTIVATION; DA_PUBLIC_INFO; DA_NOT_PROTECTED; DA_NO_INTENT,augsta,"Pārbaudīt operatīvo pierādījumu pieļaujamību, samērīgumu un nodošanas ķēdi.","as nodaļas Satiksmes uzraudzības rotas jaunākā inspektore, izpauda privātpersonai – E.G., datus, kuri tika iegūti no Valsts policijas dienesta vajadzībām pieejamās datu bāzes, par automašīnas Mercedes Benz, valsts reģistrācijas numurs [..], īpašnieku. Neizpaužamās ziņas par automašīnas īpašnieka vārdu, uzvārdu, personas kodu un dzīvesvietas adresi A.., izpildot E.G. lūgumu, nosūtīja uz viņa lietošanā esošo mobilo telefonu. Turklāt 2010.gada 26.oktobrī plkst.21.15 A.D. vēlreiz izpauda privātpersonai – E.G., datus, kuri tika iegūti no Valsts policijas dien || anā esošo mobilo telefonu. No lietas materiāliem redzams, ka tiesa šādu atzinumu pamatojusi vienīgi ar operatīvo darbību rezultātā iegūtajām ziņām par personas nosūtīto un saņemto īsziņu saturu. Vienlaikus apelācijas instances tiesa nepamatoti secinājusi, ka nosūtīto un saņemto īsziņu kontrole atzīstama par sakaru līdzekļu kontroli un ir attiecināma uz operatīvo darbību – sarunu noklausīšanos, un tā nav uzskatāma par korespondences kontroli. Aizstāvis norādījis, ka Operatīvās darbības likuma 17.panta 1.punkta izpratnē par korespondenci uzskatāms ikviens  || Operatīvās darbības rezultātā iegūto ziņu pieļaujamības vērtēšana Vērtējot citas personas operatīvās izstrādes lietas ietvaros sevišķajā veidā veiktajā operatīvās darbības pasākuma rezultātā iegūtās ziņas, būtiski ir izvērtēt, vai izmantojot šīs ziņas konkrētajā lietā kā apsūdzētās vainīguma pierādījumu, nav pieļauts Kriminālprocesa likuma 12.pantā noteiktais cilvēktiesību gara",24116,11341821f85db5ae126d0a39b1138c89d8d77fe1db1b1f0dd51533b4a5eea9a9
KL329-MAP-052,unique,SKK-313-2022.docx,"11860006116, SKK-313/2022",SKK-313/2022,ECLI:LV:AT:2022:1130.11860006116.4.L,2020.gada 6.jūlijā,"Tiesa šādā sastāvā: senatori Sandra Kaija, Irīna Jansone, Aivars Uminskis",Senāts / kasācijas instance,atcelts/nodots jaunai izskatīšanai; atstāts negrozīts,IT_CONVICTIONS,Ziņas par personas sodāmību,Kriminālprocesa ziņas; Fiziskas personas dati,SMS/īsziņas,,Amata dokumenti/brīdinājumi; SMS/čati,Tiesas/Tiesu administrācija/TIS; Pašvaldības/valsts pārvaldes citas iestādes; Iekšlietu ministrijas Informācijas centrs/Sodu reģistrs; VID/Valsts ieņēmumu dienests,Sodu reģistrs/IMIC; Telefons/SMS,"Ziņas nav neizpaužamas/ierobežotas; Rīcība amata pienākumu/uzdevuma ietvaros; Operatīvo pierādījumu pieļaujamība/samērīgums; Nebija izpaušanas, tikai apskate/piekļuve; Nav tieša nodoma/kļūda; Faktisko apstākļu atkārtota vērtēšana kasācijā; Apelācijas/pirmās instances motivācijas trūkumi","Rezultīvi argumenti: Procesuāls vai kvalifikācijas arguments bija nozīmīgs lietas tālākai virzībai | Noraidīti argumenti: Ziņas nav neizpaužamas/ierobežotas; Nebija izpaušanas, tikai apskate/piekļuve; Nav tieša nodoma/kļūda; Faktisko apstākļu atkārtota vērtēšana kasācijā",DA_OPERATIVE_ADMISSIBILITY; DA_MOTIVATION; DA_LAWFUL_DUTY,DA_FACT_REEVAL; DA_NO_DISCLOSURE; DA_NOT_PROTECTED; DA_NO_INTENT,IT_CONVICTIONS; CH_SMS; EV_DUTY_DOCS; EV_SMS_CHAT; INST_COURT; INST_MUNICIPAL; INST_IC; INST_VID; SRC_SODU; SRC_PHONE; DA_NOT_PROTECTED; DA_LAWFUL_DUTY; DA_OPERATIVE_ADMISSIBILITY; DA_NO_DISCLOSURE; DA_NO_INTENT; DA_FACT_REEVAL; DA_MOTIVATION,augsta,"Pārbaudīt operatīvo pierādījumu pieļaujamību, samērīgumu un nodošanas ķēdi.","jo apsūdzētā darbībās nav inkriminētā noziedzīgā nodarījuma sastāva. Apsūdzētais nav izpaudis neizpaužamas ziņas, kuras nav valsts noslēpums, jo nosūtīto ziņu saturs par [pers. B] sodāmībām neatbilst Iekšlietu ministrijas Informācijas centra informācijas sistēmā esošajām ziņām. Turklāt personai, kurai tika nosūtītas ziņas, informācija par [pers. B] sodāmību un brīvības atņemšanas soda izciešanu jau iepriekš bija zināma. [4.2] Apelācijas instances tiesa, atzīstot, ka nav pamata Krimināllikuma 58.panta pirmās daļas un 59.panta trešās daļas nosacījumu piemē ||  daļa (XVIII-XXV nodaļa). Rīga: Tiesu namu aģentūra, 2016, 628.lpp.), kā arī izvērtējot lietā esošos pierādījumus to kopumā un savstarpējā sakarībā atzinusi, ka, lai arī [pers. A] īsziņās neizmantoja juridisko valodu un nenorādīja konkrētus Krimināllikuma pantus, tomēr apsūdzētā izpaustās informācijas burtiskais teksts saturēja Iekšlietu ministrijas Informācijas centra informācijas sistēmā esošās ziņas par [pers. B] sodāmībām. Tiesa atzinusi, ka šīs ziņas ir ierobežotas pieejamības informācija, par kuru izpaušanu neatkarīgi no to apjoma ir paredzēta krim || ā, tas ir, 2000 euro. [2] Ar pirmās instances tiesas spriedumu [pers. A] atzīts par vainīgu un sodīts pēc Krimināllikuma 329.panta par to, ka, būdams valsts amatpersona, kas bijis brīdināts par ziņu neizpaušanu, izpauda neizpaužamas ziņas, kas nav valsts noslēpums. [3] Ar Latgales apgabaltiesas 2022.gada 18.janvāra spriedumu, iztiesājot lietu sakarā ar apsūdzētā [pers. A] apelācijas sūdzību, Rēzeknes tiesas 2021.gada 13.septembra spriedums atcelts daļā par [pers. A] noteikto sodu. [Pers. A] par Krimināllikuma 329.pantā paredzētā noziedzīgā nodarījuma izd",15539,6fc16ed0a24ff657b5a9d7350a57a2f5004c141d321b881708ed887049d17cc4
KL329-MAP-053,unique,SKK-375-13.doc,11840004811),SKK –375/2013,,2009.gada 7.septembrī,Latvijas Republikas Augstākās tiesas Senāts šādā sastāvā:,Senāts / kasācijas instance,attaisnošana minēta,IT_CONTROL_PLAN,Pārbaudes/kontroles plāni,Operatīvās darbības ziņas; Kriminālprocesa ziņas; Fiziskas personas dati,SMS/īsziņas,Telefonsaruna/zvans,SMS/čati; Operatīvās darbības pierādījumi; Amata dokumenti/brīdinājumi; Telefonsarunas un zvanu izdrukas; Liecinieku liecības,Tiesas/Tiesu administrācija/TIS; Prokuratūra/prokurori; Valsts policija; Pašvaldības/valsts pārvaldes citas iestādes,Telefons/SMS; Publiskie avoti/Lursoft/internets,Operatīvo pierādījumu pieļaujamība/samērīgums; Ziņas nav neizpaužamas/ierobežotas; Informācija bija publiska/adresātam zināma; Apelācijas/pirmās instances motivācijas trūkumi; Rīcība amata pienākumu/uzdevuma ietvaros,Rezultīvi argumenti: Pēc operatīvo pierādījumu izslēgšanas vai apšaubīšanas aizstāvības pozīcija kļuva izšķiroša | Noraidīti argumenti: Ziņas nav neizpaužamas/ierobežotas; Informācija bija publiska/adresātam zināma,DA_OPERATIVE_ADMISSIBILITY; DA_MOTIVATION; DA_LAWFUL_DUTY,DA_PUBLIC_INFO; DA_NOT_PROTECTED,IT_CONTROL_PLAN; CH_SMS; CH_PHONE; EV_SMS_CHAT; EV_OPERATIVE; EV_DUTY_DOCS; EV_PHONE_CALLS; EV_WITNESSES; INST_COURT; INST_PROSECUTION; INST_POLICE; INST_MUNICIPAL; SRC_PHONE; SRC_PUBLIC; DA_OPERATIVE_ADMISSIBILITY; DA_NOT_PROTECTED; DA_PUBLIC_INFO; DA_MOTIVATION; DA_LAWFUL_DUTY,augsta,"Pārbaudīt operatīvo pierādījumu pieļaujamību, samērīgumu un nodošanas ķēdi.","sts amatpersonas amata pienākumu pildīšanu. 2011.gada 4.jūnijā J.G. tika norīkots policijas atbalsta sniegšanai Valsts meža dienesta darbiniekiem, kuri šajā dienā veica meža stādu tirdzniecības likumības pārbaudi Ventspilī, Robežu ielā 212. Uzzinājis no Valsts meža dienesta darbiniekiem pārbaudes izdarīšanas vietu, J.G. laikā no plkst.13.06 līdz plkst.13.33 nosūtīja savam paziņam –iespējamajam meža stādu nelikumīgajam tirgotājam R.G., uz viņa mobilo telefonu trīs īsziņas: plkst.13.06 – pirmo īsziņu: „Nezvani atpakaļ. Pircējs ir padstava, neko nepārdod”;  || pārbaudes izdarīšanas vietu, J.G. laikā no plkst.13.06 līdz plkst.13.33 nosūtīja savam paziņam –iespējamajam meža stādu nelikumīgajam tirgotājam R.G., uz viņa mobilo telefonu trīs īsziņas: plkst.13.06 – pirmo īsziņu: „Nezvani atpakaļ. Pircējs ir padstava, neko nepārdod”; plkst.13.30 – otro īsziņu: „Lai neviens nebrauc. Izslēdz sludinājuma numuru”; plkst.13.33 – trešo īsziņu: „(necenzēts) prom no turienes pa otru pusi”. Tādā veidā J.G. brīdināja savu paziņu R.G. par Valsts meža dienesta iecerēto pārbaudi un, pārkāpjot likuma „Par interešu konflikta novērš || pārbaudes izdarīšanas vietu, J.G. laikā no plkst.13.06 līdz plkst.13.33 nosūtīja savam paziņam –iespējamajam meža stādu nelikumīgajam tirgotājam R.G., uz viņa mobilo telefonu trīs īsziņas: plkst.13.06 – pirmo īsziņu: „Nezvani atpakaļ. Pircējs ir padstava, neko nepārdod”; plkst.13.30 – otro īsziņu: „Lai neviens nebrauc. Izslēdz sludinājuma numuru”; plkst.13.33 – trešo īsziņu: „(necenzēts) prom no turienes pa otru pusi”. Tādā veidā J.G. brīdināja savu paziņu R.G. par Valsts meža dienesta iecerēto pārbaudi un, pārkāpjot likuma „Par interešu konflikta novērš",20985,5c60e492035417dae6d13b506a5ea81c3acb10a830b4b2b5852c8225d896ea40
KL329-MAP-054,unique,SKK-J-221-2020.docx,"12812001716, SKK-J-221/2020",SKK-J-221/2020,ECLI:LV:AT:2020:0604.12812001716.5.L,2019.gada 9.septembrī,Augstākā tiesa,Senāts: atteikums ierosināt kasāciju/lēmums,atteikts ierosināt kasāciju; atstāts negrozīts,IT_CONVICTIONS,Ziņas par personas sodāmību,Operatīvās darbības ziņas; Tiesu nolēmumi/neanonimizēti dokumenti; Kriminālprocesa ziņas; Fiziskas personas dati,SMS/īsziņas,,Operatīvās darbības pierādījumi; Informācijas režīma dokumenti; Liecinieku liecības; Amata dokumenti/brīdinājumi; SMS/čati,Tiesas/Tiesu administrācija/TIS; VID/Valsts ieņēmumu dienests; Prokuratūra/prokurori; Iekšlietu ministrijas Informācijas centrs/Sodu reģistrs,Publiskie avoti/Lursoft/internets; Tiesu informācijas sistēma/TIS; Telefons/SMS; Sodu reģistrs/IMIC,Operatīvo pierādījumu pieļaujamība/samērīgums; Informācija bija publiska/adresātam zināma; Apelācijas/pirmās instances motivācijas trūkumi; Uzkūdīšanas pazīmju apstrīdēšana,Rezultīvi argumenti: Pēc operatīvo pierādījumu izslēgšanas vai apšaubīšanas aizstāvības pozīcija kļuva izšķiroša | Noraidīti argumenti: Informācija bija publiska/adresātam zināma; Uzkūdīšanas pazīmju apstrīdēšana,DA_OPERATIVE_ADMISSIBILITY; DA_MOTIVATION,DA_PUBLIC_INFO; DA_INSTIGATION,IT_CONVICTIONS; CH_SMS; EV_OPERATIVE; EV_LEGAL_REGIME; EV_WITNESSES; EV_DUTY_DOCS; EV_SMS_CHAT; INST_COURT; INST_VID; INST_PROSECUTION; INST_IC; SRC_PUBLIC; SRC_TIS; SRC_PHONE; SRC_SODU; DA_OPERATIVE_ADMISSIBILITY; DA_PUBLIC_INFO; DA_MOTIVATION; DA_INSTIGATION,augsta,"Pārbaudīt operatīvo pierādījumu pieļaujamību, samērīgumu un nodošanas ķēdi. Publiskuma arguments jābalsta uz precīzu ziņu kombināciju un izpaušanas brīdi; Senāts to bieži noraida.","a informāciju, ko viņa sūtījusi, var noskaidrot, izmantojot arī publiskus resursus, tiesa secinājusi, ka šāds arguments ir noraidāms, jo izdrukā nav izklāstītas ziņas par personas sodāmību, bet tajā ir informācija par izskatāmajām lietām un to izskatīšanas rezultātiem. Rīgas apgabaltiesa atzinusi par nepamatotu apsūdzētās [pers. A] liecināto, ka līdz 2016.gada decembrim tiesu portāla sadaļā „Tiesu kalendāri” bija iespējams piekļūt vēsturiskajiem datiem par tiesas sēdēm krimināllietās, līdz ar to šī informācija kļūst par vispārpieejamu un publicētu. Lieci || tiesu nolēmumu apstrādi pirms to izsniegšanas” noteikto, sagatavojot nolēmumu publicēšanai, datus, kas ļauj identificēt fizisko personu, aizstājot ar atbilstošu norādi. Saskaņā ar Sodu reģistra likuma 3.pantu ziņas par [pers. C] sodāmību, ko [pers. A] nodeva [pers. B], ir ierobežotas pieejamības informācija. Ņemot vērā minēto, apelācijas instances tiesa secinājusi, ka nav pamata uzskatīt, ka [pers. A] sniegtās ziņas [pers. B] ir vispārpieejama informācija. Izvērtējot advokāta pieteikumā norādītās likumu un Ministru kabineta noteikumu normas kopsakarā ar  || tējumu, kurš būtu pamatots ar tiesību normām, judikatūrā vai tiesību zinātnē paustām atziņām. Apelācijas instances tiesa atzinusi, ka operatīvās darbības pasākuma ietvaros iegūtās īsziņas nav pamata izslēgt no pierādījumu bāzes, jo pasākums uzsākts un turpināts likumīgi. Tiesa konstatējusi, ka jau vairākus mēnešus pirms attiecīgā operatīvās darbības pasākuma sankcionēšanas Krimināllikuma 329.pantā paredzētais noziedzīgais nodarījums bija atzīts par mazāk smagu noziegumu, proti, tādu, par kuru ir atļauta operatīvā sarunu noklausīšanās. Apelācijas instance",16815,3dbd3f118f699ae1ad5fcc59155c7949e91e717df0e210bd3ccf00b03e0c037a
